#CODE;ENGLISH;FRENCH;GERMAN;;SPANISH;;;;;;;;;x
ca_asoiaf_slavepit_1;Tiny Slave Camp;Très petit camp d'esclaves;;;;;;;;;;;;x
ca_asoiaf_slavepit_2;Small Slave Camp;Petit camp d'esclaves;;;;;;;;;;;;x
ca_asoiaf_slavepit_3;Average Slave Camp;Camp d'esclaves;;;;;;;;;;;;x
ca_asoiaf_slavepit_4;Large Slave Camp;Grand camp d'esclaves;;;;;;;;;;;;x
ca_asoiaf_slavepit_5;Huge Slave Camp;Immense camp d'esclaves;;;;;;;;;;;;x
ct_asoiaf_slavepit_1;Tiny Slave Camp;Très petit camp d'esclaves;;;;;;;;;;;;x
ct_asoiaf_slavepit_2;Small Slave Camp;Petit camp d'esclaves;;;;;;;;;;;;x
ct_asoiaf_slavepit_3;Average Slave Camp;Camp d'esclaves;;;;;;;;;;;;x
ct_asoiaf_slavepit_4;Large Slave Camp;Grand camp d'esclaves;;;;;;;;;;;;x
ct_asoiaf_slavepit_5;Huge Slave Camp;Immense camp d'esclaves;;;;;;;;;;;;x
tp_asoiaf_slavepit_1;Tiny Slave Camp;Très petit camp d'esclaves;;;;;;;;;;;;x
tp_asoiaf_slavepit_2;Small Slave Camp;Petit camp d'esclaves;;;;;;;;;;;;x
tp_asoiaf_slavepit_3;Average Slave Camp;Camp d'esclaves;;;;;;;;;;;;x
tp_asoiaf_slavepit_4;Large Slave Camp;Grand camp d'esclaves;;;;;;;;;;;;x
tp_asoiaf_slavepit_5;Huge Slave Camp;Immense camp d'esclaves;;;;;;;;;;;;x
fp_asoiaf_slavepit_1;Tiny Slave Camp;Très petit camp d'esclaves;;;;;;;;;;;;x
fp_asoiaf_slavepit_2;Small Slave Camp;Petit camp d'esclaves;;;;;;;;;;;;x
fp_asoiaf_slavepit_3;Average Slave Camp;Camp d'esclaves;;;;;;;;;;;;x
fp_asoiaf_slavepit_4;Large Slave Camp;Grand camp d'esclaves;;;;;;;;;;;;x
fp_asoiaf_slavepit_5;Huge Slave Camp;Immense camp d'esclaves;;;;;;;;;;;;x
slave_modifier_1;Marginal Slave Labor;Travail servile marginal;;;;;;;;;;;;x
slave_modifier_1_desc;There are only a handful of slaves in this province, but enough to supplement the efforts of free laborers.;Il y a seulement une poignée d'esclaves dans cette province, mais assez pour compléter les efforts des travailleurs libres.;;;;;;;;;;;;x
slave_modifier_2;Limited Slave Labor;Travail servile limité;;;;;;;;;;;;x
slave_modifier_2_desc;While still vastly outnumbered by free workers, slaves still provide a noticeable portion of this province's labor force.;Bien que que leur nombre soit largement inférieur à celui des travailleurs libres, les esclaves fournissent une portion notable de la force de travail de cette province. ;;;;;;;;;;;;x
slave_modifier_3;Moderate Slave Labor;Travail servile modéré;;;;;;;;;;;;x
slave_modifier_3_desc;This province has many slave camps, which provide a large enough labor force to form a viable alternative to free servants.;Cette province a de nombreux camps d'esclaves, qui fournissent une part importante de la force de travail, offrant une alternative viable aux travailleurs libres.;;;;;;;;;;;;x
slave_modifier_4;Extensive Slave Labor;Travail servile important;;;;;;;;;;;;x
slave_modifier_4_desc;This province has a vast number of slave camps, and the majority of labor is preformed by slaves.;Cette province a un très grand nombre de camps d'esclaves, et la majorité du travail est l'œuvre des esclaves.;;;;;;;;;;;;x
slave_modifier_5;Slave Economy;Ecomonie esclavagiste;;;;;;;;;;;;x
slave_modifier_5_desc;Tens of thousands of slaves dwell in this province, and provide the bedrock of its economy. Nearly all important labor is preformed by slaves.;Des dizaines de milliers d'esclaves vivent dans cette province, ils représentent la base de son économie. Tous les travaux importants sont effectués par des esclaves. ;;;;;;;;;;;;x
CB_NAME_SLAVE_RAID;Slave Raid on [Title.GetName];Razzia esclavagiste sur [Title.GetName];;;;;;;;;;;;x
WAR_NAME_SLAVE_RAID;$ORDER$$FIRST_ADJ$ Slave Raid on $SECOND$;$ORDER$$FIRST_ADJ$ razzia esclavagiste sur $OTHER_TITLE$;;;;;;;;;;;;x
slave_raid;Slave Raid;Razzia esclavagiste;;;;;;;;;;;;x
slave_raid_desc;Launch a raid on the province of §Y$TITLE$§!, sacking its cities and taking its people as slaves.;Lancer un raid sur la province de [Title.GetName], pour saccager ses cités et asservir ses habitants. ;;;;;;;;;;;;x
CB_NAME_SLAVE_REVOLT;Slave Revolt in [Title.GetBaseName];Révolte d'esclaves à [Title.GetBaseName];;;;;;;;;;;;x
WAR_NAME_SLAVE_REVOLT;$ORDER$[Title.GetAdjective] Slave Revolt;$ORDER$ révolte d'esclaves [Title.GetAdjective].;;;;;;;;;;;;x
slave_revolt;Slave Revolt;Révolte d'esclaves;;;;;;;;;;;;x
slave_revolt_desc;Break your chains and rise up against the cruel rulers of [Title.GetName].;Brisez vos chaînes et révoltez-vous contre les cruels dirigeants de [Title.GetName].;;;;;;;;;;;;x
SLAVE_REVOLT;[Root.Kingdom.GetAdjective] Slave Revolt;Révolte d'esclaves [Root.Kingdom.GetAdjective];;;;;;;;;;;;x
CB_NAME_EMANCIPATION;Emancipation of [Title.GetBaseName];Emancipation de [Title.GetBaseName];;;;;;;;;;;;x
WAR_NAME_EMANCIPATION;$ORDER$$FIRST_ADJ$-$SECOND_ADJ$ War of Emancipation;$ORDER$$FIRST_ADJ$-$SECOND_ADJ$ Guerre d'Emancipation;;;;;;;;;;;;x
war_of_emancipation;War of Emancipation;Guerre d'émancipation;;;;;;;;;;;;x
war_of_emancipation_desc;The people of §Y$TITLE$§! practice the despicable custom of slavery. We must set their slaves free!;Les habitants de [Title.GetBaseName] continuent de pratiquer l'esclavage, cette abomination ! Nous devons libérer leurs esclaves ! ;;;;;;;;;;;;x
CB_NAME_LIBERATION;Liberation of [Title.GetBaseName];Libération de [Title.GetBaseName];;;;;;;;;;;;x
WAR_NAME_LIBERATION;$CLAIMANT$'s$ORDER$ Liberation of $OTHER_TITLE$;$ORDER$$FIRST_ADJ$-$SECOND_ADJ$ Guerre de Libération;;;;;;;;;;;;x
war_of_liberation;War of Liberation;Guerre de libération;;;;;;;;;;;;x
war_of_liberation_desc;The people of §Y$TITLE$§! practice the despicable custom of slavery. We must conquer their lands and free every slave at the sword.;Les habitants de [Title.GetBaseName] continuent de pratiquer l'esclavage, cette abomination ! Nous devons conquérir leurs terres et libérer leurs esclaves ! ;;;;;;;;;;;;x
CB_NAME_ENSLAVEMENT;Enslavement of [Title.GetBaseName];Emancipation de [Title.GetBaseName];;;;;;;;;;;;x
WAR_NAME_ENSLAVEMENT;$ORDER$$FIRST_ADJ$ War to Enslave $OTHER_TITLE$;$ORDER$$FIRST_ADJ$-$SECOND_ADJ$ Guerre d'Emancipation;;;;;;;;;;;;x
war_of_enslavement;War of Enslavement;Guerre d'émancipation;;;;;;;;;;;;x
war_of_enslavement_desc;§Y$TITLE$§!'s recent defeat and forced abolition of slavery isa threat to our way of life and economy. We must invade and reestablish slavery!;Les habitants de [Title.GetBaseName] continuent de pratiquer l'esclavage, cette abomination ! Nous devons libérer leurs esclaves ! ;;;;;;;;;;;;x
ADVENTURE_LIBERATOR;[Root.GetBestName]'s Liberation Army;Armée de libération de [Root.GetBestName];;;;;;;;;;;;x
TOOLTIPPOW;[Root.GetFirstName] is a prisoner of war.;[Root.GetFirstName] est un prisonnier de guerre.;;;;;;;;;;;;x
LOSESLAVEFROM;[From.GetBestName] will no longer be your slave.\n;[From.GetBestName] ne sera plus votre esclave.\n;;;;;;;;;;;;x
EVTTOOLTIPPUTUPFORSALE;will be put up for sale\n;sera mis en vente\n;;;;;;;;;;;;x
title_slave;Slave;Esclave;;;;;;;;;;;;x
opinion_my_owner;My Master;Mon maître;;;;;;;;;;;;x
opinion_my_slave;My Slave;Mon esclave;;;;;;;;;;;;x
opinion_enslaved_me;Enslaved Me;M'a asservi;;;;;;;;;;;;x
opinion_beat_slaves_intimidation;Afraid of Punishment;A peur d'une punition;;;;;;;;;;;;x
opinion_beat_slaves_resentful;Resents Cruelty;Ressentiments contre cruauté;;;;;;;;;;;;x
slave;Slave;Esclave;;;;;;;;;;;;x
slave_desc;This character is a slave, human property, wholely owned by their master.;Ce personnage est un(e) esclave, une propriété, appartenant totalement à son maître. ;;;;;;;;;;;;x
former_slave;Former Slave;Ancien(ne) esclave;;;;;;;;;;;;x
former_slave_desc;This character was once a slave, but, by either force of arms or their master's mercy, has now been set free.;Ce personnage a un jour été un esclave, mais il(elle) a été affranchi, par son maître ou par la force des armes.;;;;;;;;;;;;x
slave_owner;Slave Owner;Propriétaire d'esclave;;;;;;;;;;;;x
slave_owner_desc;This character owns a slave.;Ce personnage possède un esclave.;;;;;;;;;;;;x
slave_trader;Slave Trader;Marchand d'esclaves;;;;;;;;;;;;x
slave_trader_desc;This character not only owns a slave, but buys and sells them, profitting off of human merchandise.;Ce personnage ne fait pas que posséder des esclaves, il en achète et en vend, tirant ainsi profit du trafic humain.;;;;;;;;;;;;x
liberator;Liberator;Libérateur;;;;;;;;;;;;x
liberator_desc;This character is a fanatical opponent of the practice of slavery, seeking to eliminate it from the world by any means necessary.;Ce personnage est un opposant fanatique à l'esclavage et cherche à le faire disparaître de la surface du globe par tous les moyens possibles.;;;;;;;;;;;;x
plot_escape_slavery;Escape Slavery;Echapper à l'esclavage;;;;;;;;;;;;x
plot_escape_slavery_title;Escape Slavery;Echapper à l'esclavage;;;;;;;;;;;;x
plot_escape_slavery_desc;[From.GetBestName] has formed a plot to attempt to escape [From.GetHerHis] shackles and become a free [From.GetManWoman].;[From.GetBestName] a formenté un complot dans le but d'échapper à ses chaînes et à redevenir un(e) [From.GetManWoman] libre.;;;;;;;;;;;;x
slavery;Slavery;Esclavage;;;;;;;;;;;;x
slavery_desc;The practice of slavery can take many forms, and is widespread throughout the world, though it is forbidden by some religions.;L'esclavage peut prendre bien des formes, et sa pratique est attestée dans bien des contrées du monde bien qu'il soit interdit par les religions de Westeros. ;;;;;;;;;;;;x
slavery_0;Slavery Abolished;Eslavage aboli;;;;;;;;;;;;x
slavery_0_option;Illegal;Illégal;;;;;;;;;;;;x
slavery_0_desc;Slavery is strictly illegal in all its forms, and this law is actively enforced.;L'esclavage est strictement interdit, quelque soit sa forme. Cette loi est appliquée et respectée.;;;;;;;;;;;;x
slavery_1;Indentured Servitude;Servitude déguisée;;;;;;;;;;;;x
slavery_1_option;De Facto;De facto;;;;;;;;;;;;x
slavery_1_desc;Slavery is technically illegal, but some 'indentured servants' are slaves in all but name.;L'esclavage est techniquement illégal, mais certains 'serviteurs' sont de véritables esclaves, même s'ils n'en n'ont pas le nom.;;;;;;;;;;;;x
slavery_2;Chattel Slavery;Esclavage;;;;;;;;;;;;x
slavery_2_option;Legal;Legal;;;;;;;;;;;;x
slavery_2_desc;Slavery is fully legal, and slaves are bought and purchased openly in great markets.;L'esclavage est complètement légal, les esclaves sont achetés et vendus dans de grands marchés que l'on ne cherche pas à dissimuler.;;;;;;;;;;;;x
slavery_3;Thralldom;Servage;;;;;;;;;;;;x
slavery_3_option;Thralls;Serf;;;;;;;;;;;;x
slavery_3_desc;Prisoners of war may be taken as slaves, but they may not be traded or purchased, and their children are born free.;Les prisonniers de guerre peuvent être asservis, mais ils ne peuvent pas être vendus ou achetés et leurs enfants naissent libres.;;;;;;;;;;;;x
treaty_breach;Broken Peace Treaties;Traités de paix brisés;;;;;;;;;;;;x
treaty_breach_desc;This nation has broken one or more peace treaties, and is vulnerable to special casus belli.;Cette nation a brisé un ou plusieurs traités de paix et est vulnérable à un casus belli spécial.;;;;;;;;;;;;x
treaty_breach_0;Broke Anti-Slavery Treaty;Briser le traité anti-esclavagiste;;;;;;;;;;;;x
treaty_breach_0_option;Anti-Slavery;Anti-esclavagiste;;;;;;;;;;;;x
treaty_breach_0_desc;[This.GetName] has broken the terms of a peace treaty by illegally instituting the practice of chattel slavery. This makes it a legitimate target for the War of Liberation casus belli. This violation will expire if a War of Liberation is successfully defeated.;[This.GetName] a brisé les termes d'un traité de paix en instituant illégalement la pratique de l'esclavage. Cela en fait une cible légitime pour une guerre de libération. Ce casus belli expirera si une guerre de libération venait à être défaite. ;;;;;;;;;;;;x
treaty_breach_1;Forced to Abolish Slavery;Forcé à abolir l'esclavage;;;;;;;;;;;;x
treaty_breach_1_option;Liberated;Libéré;;;;;;;;;;;;x
treaty_breach_1_desc;[This.GetName] has recently been liberated by another country, being forced to abolish slavery. This makes it a legitimate target for the War of Enslavement casus belli. This violation will expire if a War of Enslavement is successfully defeated.;[This.GetName] a récemment été libéré par un autre pays qui l'a forcé à abolir l'esclavage. Cela en fait une cible légitime pour une guerre d'asservissement. Cette violation expirera si une guerre d'asservissement échoue.;;;;;;;;;;;;x
enter_slave_trade;Enter the Slave Trade;Se lancer dans le commerce d'esclaves;;;;;;;;;;;;x
enter_slave_trade_desc;At present, your family deals only in traditional goods, but there is good money in the slave trade. Perhaps your ships could be put to good use in that market.;Pour l'instant, votre famille ne s'occupe que du commerce des biens et marchandises, mais il y a beaucoup d'argent à se faire dans le commerce des esclaves;;;;;;;;;;;;x
leave_slave_trade;Leave the Slave Trade;Ne plus s'adonner au commerce d'esclaves;;;;;;;;;;;;x
leave_slave_trade_desc;Your ships ply the waters, laden with human cargo, and the fortune it brings is considerable, but can such a thing be right? It does not truly sit easy with you.;Vos bateaux sillonnent les eaux, chargés de cargaisons humaines, et la fortune qu'ils vous rapportent est considérable, mais est-ce un commerce moralement aceptable ? Vous avez du mal a y croire. ;;;;;;;;;;;;x
buy_slave;Buy Slave;Acheter un esclave;;;;;;;;;;;;x
buy_slave_desc;Buy a new slave from a slave trader.;Acheter un nouvel esclave chez un marchand d'esclaves.;;;;;;;;;;;;x
buy_bulk_slaves;Buy Slaves For Your Camps;Acheter des esclaves pour vos camps;;;;;;;;;;;;x
buy_bulk_slaves_desc;Buy one level for your slave camp from a slave trader for 400¤.;Acheter un niveau pour votre camp d'esclaves à un marchand d'esclaves pour 1000 pièces d'or.;;;;;;;;;;;;x
sell_bulk_slaves;Sell Slaves From Your Camps;Vendre des esclaves de vos camps;;;;;;;;;;;;x
sell_bulk_slaves_desc;Sell one level of your slave camp to a slave trader for 400¤.;Vendre un niveau de votre camp d'esclave à un marchand d'esclave pour 1000 pièces d'or.;;;;;;;;;;;;x
free_bulk_slaves;Free Slaves In Your Camps;Libérer des esclaves de vos camps;;;;;;;;;;;;x
free_bulk_slaves_desc;Set one level's worth of slaves in your camps free.;Rendre la liberté à un niveau de votre camps d'esclave.;;;;;;;;;;;;x
toggle_slavery_decisions;Toggle Slave Decisions Menu;Ouvrir le menu de gestion des esclaves;;;;;;;;;;;;x
toggle_slavery_decisions_desc;Display or hide decisions related to Slavery (Manage slave decisions may be displayed at the bottom of the decisions tab).;Afficher les décisions relatives à la gestion de vos esclaves.;;;;;;;;;;;;x
close_slave_management_menu;Close Slave Management Menu;Fermer le menu de gestion des esclaves;;;;;;;;;;;;x
close_slave_management_menu_desc;Hide decisions related to managing your slaves.;Cacher les décisions relatives à la gestion des esclaves;;;;;;;;;;;;x
enslave_prisoner;Enslave Prisoner;Asservir [Root.GetBestName];;;;;;;;;;;;x
enslave_prisoner_desc;So long as [Root.GetBestName] is in your custody, perhaps [Root.GetSheHe] could be put to more practical use than simply rotting in a cell.;Vu que [Root.GetBestName] est sous votre garde, peut-être pourrait-[Root.GetSheHe] servir à autre chose qu'à pourrir dans une cellule. ;;;;;;;;;;;;x
sell_prisoner;Sell Into Slavery;Vendre [Root.GetBestName] en tant qu'esclave;;;;;;;;;;;;x
sell_prisoner_desc;One of your prisoners, [Root.GetBestName] [Root.GetOnlyDynastyName], isn't doing you much good in your dungeons, and nobody would miss [Root.GetHerHim] if [Root.GetSheHe] were to disappear. Perhaps you could get a bit of quick cash for your troubles?;L'un de vos prisonniers, [Root.GetBestName], ne sert pas à grand-chose dans vos donjons, et ne manquera à personne si [Root.GetSheHe] venait à disparaître. Peut-être pourriez vous vous faire un peu d'agent ? ;;;;;;;;;;;;x
sell_slave;Sell Slave;Vendre [Root.GetBestName];;;;;;;;;;;;x
sell_slave_desc;If [Root.GetBestName] [Root.GetOnlyDynastyName] is not serving your needs adequately, perhaps a slave trader would be willing to buy [Root.GetHerHim];Si [Root.GetBestName] ne vous sert à rien, peut-être qu'un marchand d'esclaves voudra l'acheter. ;;;;;;;;;;;;x
lash_slave;Lash Slave;Fouetter [Root.GetBestName];;;;;;;;;;;;x
lash_slave_desc;Have the guards bring [Root.GetBestName] [Root.GetOnlyDynastyName] up from [Root.GetHerHis] quarters and lash [Root.GetHerHim]. You may not have just cause, but sometimes an example must be made.;Ordonner aux gardes de faire sortir [Root.GetBestName] de ses quartiers et de le(a) foutter. Cela n'est peut-être pas juste, mais parfois il faut faire des exemples. ;;;;;;;;;;;;x
breed_slave;Breed Slave;Faire s'accoupler [Root.GetBestName] avec un autre esclave;;;;;;;;;;;;x
breed_slave_desc;Good slaves can be hard to find. Fortunately, slaves are a renewable resource. So you can try and breed [Root.GetBestName] [Root.GetOnlyDynastyName] with another slave.;De bons esclaves peuvent être durs à trouver. Heureusement, les esclaves sont une ressource renouvelable.;;;;;;;;;;;;x
stop_breeding_slave;Stop Breeding Slave;Faire s'accoupler [Root.GetBestName] avec un autre esclave;;;;;;;;;;;;x
stop_breeding_slave_desc;Cancel the breeding between [Root.GetFirstName] and [Root.Spouse.GetFirstName].;De bons esclaves peuvent être durs à trouver. Heureusement, les esclaves sont une ressource renouvelable.;;;;;;;;;;;;x
EVTTOOLTIPSLAVERY0;[This.GetBestName] will be set free.;[This.GetBestName] va être affranchi(e).;;;;;;;;;;;;x
EVTDESCSLAVERY1;Your former slave, [From.GetBestName], has managed to leave your service and is now a free [From.GetManWoman].;Votre ancien esclave, [From.GetBestName], est parvenu à quitter votre service et est maintenant un(e) [From.GetManWoman] libre.;;;;;;;;;;;;x
EVTOPTASLAVERY1;So be it.;Bien.;;;;;;;;;;;;x
EVTDESCSLAVERY100;[From.GetBestName] has arranged to meet with you in the hopes of selling you a new slave, a [FromFrom.Culture.GetName] by the name of [FromFrom.GetFirstName]. [From.GetFirstName] leads [FromFrom.GetHerHim] to you in chains, and allows you to inspect the merchandise.;[From.GetBestName] a arrangé une rencontre avec vous dans l'espoir de vous vendre un(e) nouvel(le) esclave, une(e) [FromFrom.Culture.GetName] répondant au nom de [FromFrom.GetFirstName]. [From.GetFirstName] vous l'amène enchainé(e) et vous permet d'inspecter la marchandise. ;;;;;;;;;;;;x
EVTOPTASLAVERY100;This one isn't even worth the time it took to speak with you!;Il(elle) ne vaut même pas le temps que j'ai perdu à parler avec vous.;;;;;;;;;;;;x
EVTOPTBSLAVERY100;I will buy [FromFrom.GetHerHim] for 15 gold coins.;Je l'achète pour 30 pièces d'or. ;;;;;;;;;;;;x
EVTOPTCSLAVERY100;I will buy [FromFrom.GetHerHim] for 40 gold coins.;Je l'achète pour 80 pièces d'or. ;;;;;;;;;;;;x
EVTOPTDSLAVERY100;I will buy [FromFrom.GetHerHim], and offer more gold to secure [FromFrom.GetHerHim];Je vais l'acheter, et offrir plus d'or pour en être sûr;;;;;;;;;;;;x
EVTOPTESLAVERY100;I will buy [FromFrom.GetHerHim] for 75 gold coins.;Je l'achète pour 150 pièces d'or. ;;;;;;;;;;;;x
EVTOPTESLAVERY100B;I will buy the slave for 75 gold coins.;Je vais acheter l'esclave pour 150 pièces d'or.;;;;;;;;;;;;x
EVTOPTFSLAVERY100;I will buy the slave for 115 gold coins.;Je vais acheter l'esclave pour 225 pièces d'or.;;;;;;;;;;;;x
EVTOPTGSLAVERY100;I will buy the slave for 150 gold coins.;Je vais acheter l'esclave pour 300 pièces d'or.;;;;;;;;;;;;x
EVTOPTHSLAVERY100;I will buy the slave for 225 gold coins.;Je vais acheter l'esclave pour 450 pièces d'or.;;;;;;;;;;;;x
EVTDESCSLAVERY102;You take [From.GetBestName] in chains to meet with a [FromFrom.GetManWoman] by the name of [FromFrom.GetFirstName] [FromFrom.GetOnlyDynastyName], a wealthy slaver from [FromFrom.Capital.GetName]. [FromFrom.GetSheHeCap] carefully inspects [From.GetFirstName] for over an hour, before finally turning to you and spitting in your face. 'Are you trying to rob me?' [FromFrom.GetSheHe] demands, 'This one is not even worth the time it took to speak with you! I cannot buy [From.GetHerHim].';Vous emmenez [From.GetBestName] enchainé(e) avec vous pour rencontrer un(e) [FromFrom.GetManWoman] nommé(e) [FromFrom.GetFirstName] [FromFrom.GetOnlyDynastyName], un(e) riche esclavagiste originaire de [FromFrom.Capital.GetName]. [FromFrom.GetSheHeCap] inspecte [From.GetFirstName] sous toutes les coutures pendant plus d'une heure avant de se tourner vers vous, rouge de colère. 'Vous essayez de me voler ?' fini-t-[FromFrom.GetSheHe] par vous demander, 'Cet(te) esclave ne vaut même pas le temps que j'ai perdu à parler avec vous ! Je ne l'achèterai pas.';;;;;;;;;;;;x
EVTOPTASLAVERY102;Then I suppose I'll have to find someone who will.;Bien, alors je suppose que je vais devoir trouver quelqu'un qui voudra. ;;;;;;;;;;;;x
EVTOPTBSLAVERY102;Perhaps I should give up on this after all.;Peut-être que je devrais laisser tomber après tout. ;;;;;;;;;;;;x
EVTDESCSLAVERY10399;You have decided you shall make an offer for the slave, but exactly how much coin shall you offer?;Vous avez décidé de faire une offre pour l'esclave, mais combien de pièces d'or allez-vous offrir exactement ?;;;;;;;;;;;;x
EVTDESCSLAVERY104;You take [From.GetBestName] in chains to meet with a [FromFrom.GetManWoman] by the name of [FromFrom.GetFirstName] [FromFrom.GetOnlyDynastyName], a wealthy slaver from [FromFrom.Capital.GetName]. [FromFrom.GetSheHeCap] carefully inspects [From.GetFirstName] for over an hour, before finally turning to you, and naming [FromFrom.GetHerHis] price.;Vous emmenez [From.GetBestName] enchainé(e) avec vous pour rencontrer un(e) [FromFrom.GetManWoman] nommé(e) [FromFrom.GetFirstName] [FromFrom.GetOnlyDynastyName], un(e) riche esclavagiste originaire de [FromFrom.Capital.GetName]. [FromFrom.GetSheHeCap] inspecte [From.GetFirstName] sous toutes les coutures pendant plus d'une heure avant de se tourner vers vous et de vous proposer son prix.;;;;;;;;;;;;x
EVTOPTASLAVERY104;Done. A pleasure doing business with you.;Entendu. C'est un plaisir de faire affaire avec vous.;;;;;;;;;;;;x
EVTOPTBSLAVERY104;Ridiculous! Perhaps some other slaver will offer me a fairer price.;Ridicule ! Peut-être qu'un autre esclavagiste me proposera un meilleur prix.;;;;;;;;;;;;x
EVTOPTCSLAVERY104;Perhaps I should just give up on the whole thing.;Peut-être que je devrais laisser tomber.;;;;;;;;;;;;x
EVTDESCSLAVERY105;[From.GetBestName] hands one end of the slave's chains to you. 'Done,' [From.GetSheHe] says, '[FromFrom.GetSheHeCap] is yours. A pleasure doing business with you.;'[From.GetBestName] vous remet la chaine de l'esclave entre vos mains. 'Entendu,' dit-[From.GetSheHe], '[FromFrom.GetSheHeCap] est à vous. Un plaisir de faire affaire avec vous.';;;;;;;;;;;;x
EVTOPTASLAVERY105;A fine new acquisition!;Une bien belle acquisition !;;;;;;;;;;;;x
EVTDESCSLAVERY106;[From.GetBestName] seems ready to slap you across the face. 'Are you mad? [FromFrom.GetSheHeCap] is easily worth ten times that amount! If you will not pay me a fair price, perhaps some other trader will.';'[From.GetBestName] semble à deux doigts de vous frapper au visage. 'Etes-vous complètement fou(lle) ? [FromFrom.GetSheHeCap] vaut facilement dix fois ce prix ! Si vous ne me payez pas un bon prix, peut-être qu'un autre marchand le fera'.;;;;;;;;;;;;x
EVTOPTASLAVERY106;I suppose you can't win them all.;Je pense qu'on ne peut pas toujours gagner.;;;;;;;;;;;;x
EVTDESCSLAVERY107;You have been informed of horrifying news. One of your vassals, [From.GetBestName], has sold a [FromFrom.GetManWoman] into slavery!;Vous avez reçu une nouvelle terrifiante. L'un de vos vassaux, [From.GetBestName], a vendu un(e) [FromFrom.GetManWoman] comme esclave !;;;;;;;;;;;;x
EVTOPTASLAVERY107;The laws of gods and men forbid such evil.;Les lois des hommes et des dieux interdisent une telle chose.;;;;;;;;;;;;x
EVTDESCSLAVERY108;Unfortunately, it appears that you recent activities have not gone unnoticed. Your liege, [From.GetTitledFirstName], has learned of your illegal dealings with the slaver.;Malheureusement, il semble que vos récentes activités ne sont pas passées inaperçues. Votre suzerain, [From.GetTitledFirstName], a entendu parler de votre marché illégal avec l'esclavagiste.;;;;;;;;;;;;x
EVTOPTASLAVERY108;May [Root.Religion.GetRandomGodName] protect me.;Que [Root.Religion.GetRandomGodName] me protègent.;;;;;;;;;;;;x
EVTDESCSLAVERY110;You have been informed of horrible news! [FromFrom.GetTitledFirstName] [FromFrom.GetOnlyDynastyName] has sold your [GetFromRelation] [From.GetTitledFirstName] into slavery!;Vous avez reçu une nouvelle terrifiante ! [FromFrom.GetTitledFirstName] [FromFrom.GetOnlyDynastyName] a vendu votre [GetFromRelation] [From.GetTitledFirstName] comme esclave !;;;;;;;;;;;;x
EVTOPTASLAVERY110;How dare [FromFrom.GetSheHe]!;Comment a-t-[FromFrom.GetSheHe] osé !;;;;;;;;;;;;x
EVTTOOLTIPSLAVERY152;[This.GetBestName] will be taken to the slave market;[Root.GetBestName] va être emmené(e) au marché aux esclaves;;;;;;;;;;;;x
EVTDESCSLAVERY153;Your guards retrieve [From.GetBestName] from [From.GetHerHis] quarters, scrubbed, bathed, and ready to be presented to the slave trader.;Vos gardes sortent [From.GetBestName] de ses quartiers, nettoyé(e), baigné(e), prêt(e) à être présenté(e) au marché aux esclaves. ;;;;;;;;;;;;x
EVTOPTASLAVERY153;Time to do business.;Il est temps de faire des affaires. ;;;;;;;;;;;;x
EVTOPTBSLAVERY153;On second thought, perhaps I still need [From.GetHerHim] after all.;Hum. En y repensant, j'en aurai peut-être encore besoin...;;;;;;;;;;;;x
EVTDESCSLAVERY200;You have decided to purchase a new slave, and arranged a meeting with a prominent slaver.;Vous avez décidé d'acquérir un nouvel esclave et avez arrangé une rencontre avec un important marchand d'esclaves.;;;;;;;;;;;;x
EVTOPTASLAVERY200;Meet with the slaver;Rencontre avec le marchand d'esclaves;;;;;;;;;;;;x
EVTOPTBSLAVERY200;I've changed my mind.;J'ai changé d'avis.;;;;;;;;;;;;x
EVTTOOLTIPSLAVERY201;shows you [This.GetHerHis] stock;vous montre son stock;;;;;;;;;;;;x
EVTDESCSLAVERY201;You've arranged to meet with [From.GetBestName], a wealthy [From.GetManWoman] from [From.Capital.GetName] who wishes to purchase one of your slaves.;Vous avez arrangé une rencontre avec [From.GetBestName], un(e) [From.GetManWoman] important(e) de [From.Capital.GetName] qui souhaite acheter l'un de vos esclaves. ;;;;;;;;;;;;x
EVTOPTASLAVERY201;Please, choose any one you like!;S'il vous plaît, choisissez celui qui vous convient le mieux !;;;;;;;;;;;;x
EVTDESCSLAVERY202;You arrive at the slave market to meet with [From.GetFirstName] [From.GetOnlyDynastyName], a wealthy slaver from [From.Capital.GetName]. [From.GetSheHeCap] shows you [From.GetHerHis] stock, and asks what kind of slave you wish to buy.;Vous vous rendez au marché aux esclaves pour rencontrer [From.GetFirstName] [From.GetOnlyDynastyName], un important marchand d'esclaves originaire de [From.Capital.GetName]. [From.GetSheHeCap] vous montre son stock et vous demande quel genre d'esclave vous recherchez. ;;;;;;;;;;;;x
EVTOPTASLAVERY202;A new bed-slave for my harem.;Un(e) nouvel(le) esclave de lit pour mon harem. ;;;;;;;;;;;;x
EVTOPTBSLAVERY202;A bodyguard, someone skilled with a blade.;Un garde du corps, quelqu'un qui sait se servir d'une arme.;;;;;;;;;;;;x
EVTOPTCSLAVERY202;A new advisor for my council.;Un nouveau conseiller pour mon conseil.;;;;;;;;;;;;x
EVTOPTDSLAVERY202;I've changed my mind.;J'ai changé d'avis.;;;;;;;;;;;;x
EVTDESCSLAVERY203;[From.GetBestName] tells you that [From.GetSheHe] is in the market for a new bed slave. You select a few of your most attractive slaves for [From.GetHerHim] to choose from.;[From.GetBestName] vous dit qu'[From.GetSheHe] est ici pour un(e) nouvel(le) esclave de lit. Vous selectionnez quelques-un(e)s de vos esclaves les plus beaux(elles) pour qu'[From.GetHerHim] puisse faire son choix. ;;;;;;;;;;;;x
EVTOPTASLAVERY203;Tell me, which would you prefer?;Dites-moi, lequel préférez-vous ?;;;;;;;;;;;;x
EVTTOOLTIPSLAVERY204;will select a slave to purchase;va choisir un(e) esclave à acheter;;;;;;;;;;;;x
EVTDESCSLAVERY204;[From.GetTitle] [From.GetFirstName] brings [From.GetHerHis] finest bed-slaves before you. 'Tell me,' [From.GetSheHe] says, 'which would you prefer?';[From.GetTitle] [From.GetFirstName] vous amène ses plus beaux(elles) esclaves de lit. 'Dîtes-moi,' dit-[From.GetSheHe], 'lequel préférez-vous ?';;;;;;;;;;;;x
EVTOPTASLAVERY204;This one, I think.;Celui(elle)-ci, je crois.;;;;;;;;;;;;x
EVTDESCSLAVERY205;[From.GetBestName] tells you that [From.GetSheHe] is looking for a new bodyguard. You call forth the finest warriors in your slave pits for [From.GetSheHe] to choose from.;[From.GetBestName] vous dit qu'[From.GetSheHe] cherche un nouveau garde du corps. Vous faîtes venir les meilleurs guerriers de votre arène pour qu'[From.GetSheHe] puisse en choisir un.;;;;;;;;;;;;x
EVTOPTASLAVERY205;Tell me, which would you prefer?;Dites-moi, lequel préférez-vous ?;;;;;;;;;;;;x
EVTTOOLTIPSLAVERY206;will select a slave to purchase;va choisir un esclave à acheter;;;;;;;;;;;;x
EVTDESCSLAVERY206;[From.GetTitle] [From.GetFirstName] brings [From.GetHerHis] finest warriors before you. 'Tell me,' [From.GetSheHe] says, 'which would you prefer?';[From.GetTitle] [From.GetFirstName] vous amène ses meilleurs guerriers. 'Dites-moi,' dit-[From.GetSheHe], lequel préférez-vous ?';;;;;;;;;;;;x
EVTDESCSLAVERY207;[From.GetBestName] tells you that [From.GetSheHe] is looking for a loyal advisor to serve on [From.GetHerHis] council. You have the most skilled of your slaves brought before [From.GetHerHim] for [From.GetHerHim] to choose from.;[From.GetBestName] vous dit qu'[From.GetSheHe] cherche un loyal conseiller pour servir à son conseil. Vous avez faîtes venir vos esclaves les plus talentueux devant [From.GetHerHim] pour qu'[From.GetSheHe] puisse en choisir un.;;;;;;;;;;;;x
EVTOPTASLAVERY207;Tell me, which would you prefer?;Dites-moi, lequel 'préférez-vous ?;;;;;;;;;;;;x
EVTTOOLTIPSLAVERY208;will select a slave to purchase;va choisir un esclave à acheter;;;;;;;;;;;;x
EVTDESCSLAVERY208;[From.GetTitle] [From.GetFirstName] brings [From.GetHerHis] most skilled advisors before you. 'Tell me,' [From.GetSheHe] says, 'What kind of retainer, exactly, were you looking for?';[From.GetTitle] [From.GetFirstName] vous amène ses conseillers les plus talentueux. 'Dites-moi,' dit-[From.GetSheHe], 'lequel préférez-vous ?';;;;;;;;;;;;x
EVTOPTASLAVERY208;A charismatic diplomat.;Un diplomate charismatique.;;;;;;;;;;;;x
EVTOPTBSLAVERY208;A shrewd clerk.;Un clerc judicieux.;;;;;;;;;;;;x
EVTOPTCSLAVERY208;A wise scholar;Un sage érudit.;;;;;;;;;;;;x
EVTOPTDSLAVERY208;A devious spy.;Un espion sournois.;;;;;;;;;;;;x
EVTDESCSLAVERY251;[FromFrom.GetBestName] finally makes [FromFrom.GetHerHis] choice, laying one hand down on [From.GetBestName]'s shoulder. 'This one, I think. How much is [From.GetSheHe]?';[FromFrom.GetBestName] a finalement fait son choix, et désigne [From.GetBestName]. 'Celui(elle)-ci. Combien pour [From.GetSheHe]?';;;;;;;;;;;;x
EVTOPTASLAVERY251;Far more than you could possibly afford! Begone!;Bien plus que vous ne pourriez jamais dépenser ! Hors d'ici !;;;;;;;;;;;;x
EVTOPTBSLAVERY251;15 gold coins.;30 pièces d'or.;;;;;;;;;;;;x
EVTOPTCSLAVERY251;40 gold coins.;80 pièces d'or.;;;;;;;;;;;;x
EVTOPTDSLAVERY251;More....;Plus...;;;;;;;;;;;;x
EVTOPTESLAVERY251;75 gold coins.;150 pièces d'or.;;;;;;;;;;;;x
EVTOPTFSLAVERY251;115 gold coins.;225 pièces d'or.;;;;;;;;;;;;x
EVTOPTGSLAVERY251;150 gold coins.;300 pièces d'or.;;;;;;;;;;;;x
EVTOPTHSLAVERY251;225 gold coins.;450 pièces d'or.;;;;;;;;;;;;x
EVTDESCSLAVERY25399;[FromFrom.GetBestName] is clearly a valuable slave, so a high price must be paid...;[FromFrom.GetBestName] est clairement un(e) esclave de valeur, un prix élevé doit donc être payé...;;;;;;;;;;;;x
EVTDESCSLAVERY252;[From.GetTitle] [From.GetFirstName] is outraged by your selection. 'This one!?' [From.GetSheHe] sputters, '[From.GetSheHeCap] is not for sale at any price!'.;"[From.GetTitle] [From.GetFirstName] est outré par votre choix.  ""Cet(te) esclave !?""se met-[From.GetSheHe] à crier, ""[From.GetSheHeCap] n'est pas à vendre, quelque soit votre prix !"".";;;;;;;;;;;;x
EVTOPTASLAVERY252;Then I shall simply find another slaver.;Bien, je n'ai plus qu'à chercher un autre marchand d'esclaves.;;;;;;;;;;;;x
EVTOPTBSLAVERY252;Perhaps I don't need a new slave after all.;Peut-être n'ai-je pas besoin d'un autre esclave après tout. ;;;;;;;;;;;;x
EVTDESCSLAVERY253;Ah, [FromFrom.GetFirstName],' [From.GetTitle] [From.GetFirstName] says, 'A wise choice indeed.' [From.GetSheHeCap] pauses for a moment, to think, then finally names [From.GetHerHis] price.;Ah, [FromFrom.GetFirstName],' dit [From.GetTitle] [From.GetFirstName], ' Un choix avisé en effet.' [From.GetSheHeCap] marque une pause pendant un instant pour réfléchir, puis finalement annonce son prix. ;;;;;;;;;;;;x
EVTOPTASLAVERY253;Done. The money is yours.;Marché conclu. ;;;;;;;;;;;;x
EVTOPTBSLAVERY253;Outrageous! I'll take my business elsewhere.;Un scandale ! Je vais aller voir ailleurs.;;;;;;;;;;;;x
EVTOPTCSLAVERY253;No slave is worth such a price! I am done.;Aucun esclave ne vaut un tel prix ! Il est hors de question que je paie une telle somme. ;;;;;;;;;;;;x
EVTDESCSLAVERY254;[From.GetBestName] agrees to your price, and the exchange is done. [From.GetSheHeCap] gives you the gold, and you give [From.GetHerHim] the whip.;[From.GetBestName] accepte votre prix et l'échange peut avoir lieu. [From.GetSheHeCap] vous donne l'or et vous lui donnez le fouet. ;;;;;;;;;;;;x
EVTOPTASLAVERY254;A job well done.;De bonnes affaires.;;;;;;;;;;;;x
EVTDESCSLAVERY255;That price is outrageous!' [From.GetBestName] sputters, 'I believe I'll be taking my business elsewhere.';Un prix scandaleux !' aboie-t-[From.GetBestName], 'Je crois que je vais aller voir ailleurs !';;;;;;;;;;;;x
EVTOPTASLAVERY255;Well, you can't win them all.;Bien, on ne peut pas toujours gagner.;;;;;;;;;;;;x
EVTDESCSLAVERY301;While the guards go to the slave quarters to retrieve [From.GetFirstName], you decide who would make the best mate. A few possibilities come to mind.;Tandis que les gardes se rendent dans les quartiers des esclaves pour emmener [From.GetFirstName], vous réfléchissez au meilleur partenaire possible. Quelques possibilités vous viennent à l'esprit.;;;;;;;;;;;;x
EVTOPTASLAVERY301;This one, perhaps?;Celui(elle)-ci peut-être ?;;;;;;;;;;;;x
EVTOPTBSLAVERY301;Bah, none of them will do!;Bah, aucun(e) d'entre eux(elle) ne fera l'affaire !;;;;;;;;;;;;x
EVTTOOLTIPSLAVERY302;will be asked to sleep with [From.GetBestName];va se voir demandé de coucher avec [From.GetBestName];;;;;;;;;;;;x
EVTDESCSLAVERY303;You attempt to get [From.GetFirstName] to see reason, but [From.GetSheHe] stands defiant. 'Never! You'll have to beat me to death and let 'em fuck my corpse!';Vous tentez de faire entendre raison à [From.GetFirstName], mais [From.GetSheHe] ne veut rien entendre. 'Jamais ! Vous allez devoir me battre à mort et faire baiser mon cadavre !';;;;;;;;;;;;x
EVTOPTASLAVERY303;With pleasure. Guards, fetch me a whip!;Avec plaisir. Gardes ! Apportez le fouet !;;;;;;;;;;;;x
EVTOPTBSLAVERY303;Perhaps I should give up on this after all.;Peut-être devrais-je abandonner cette idée après tout.;;;;;;;;;;;;x
EVTDESCSLAVERY304;[From.GetFirstName] looks hesitant, but you make a very persuasive case. 'Y... yes, master,' [From.GetSheHe] says, 'I'll do it.';[From.GetFirstName] semble hésitant(e), mais vous êtes très persuasif. 'O... Oui maître' dit-[From.GetSheHe]. 'Je vais le faire.';;;;;;;;;;;;x
EVTOPTASLAVERY304;Splendid! Now, where's the other one?;Splendide ! Bien, à l'autre maintenant. ;;;;;;;;;;;;x
EVTDESCSLAVERY307;[From.GetFirstName] looks hesitant, but you make a very persuasive case. In the end, [From.GetSheHe] agrees, and you leave your two slaves to begin producing you a third.;[From.GetFirstName] semble hésitant(e), mais vous êtes très persuasif. A la fin, [From.GetSheHe] finit par accepter. Vous laissez vos deux esclaves pour qu'ils puissent tranquillement en produire un troisième. ;;;;;;;;;;;;x
EVTOPTASLAVERY307;A fine day's work!;Une bonne journée de travail !;;;;;;;;;;;;x
EVTTOOLTIPSLAVERY500;[This.GetFirstName] will be lashed;[This.GetFirstName] va être fouetté(e);;;;;;;;;;;;x
EVTDESCSLAVERY501;Your guards tie [From.GetFirstName] to a post and begin to beat [From.GetHerHim] as you count out thirty-nine lashes. When it's done, they release the bindings. [From.GetFirstName] manages to keep [From.GetHerHis] footing - obviously in pain, but with no particularly dangerous damage.;Vos gardes attachent [From.GetFirstName] a un poteau et commencent à le(a) fouetter. A trente-neuf coups de fouet, les gardes s'arrêtent et le(a) détachent. [From.GetFirstName] parvient à rester sur ses jambes, avec difficulté certes, mais [From.GetSheHe] ne semble pas trop endommagé(e).;;;;;;;;;;;;x
EVTOPTASLAVERY501;Let that serve as an example to the rest of them.;Que cela serve de leçon à tous les autres.;;;;;;;;;;;;x
EVTOPTBSLAVERY501;The bed or the whip, slave. Your choice.;Le lit ou le fouet, esclave. Ton choix.;;;;;;;;;;;;x
EVTDESCSLAVERY502;Your guards tie [From.GetFirstName] to a post and begin to beat [From.GetHerHim] as you count out thirty-nine lashes. When it's done, they release the bindings. [From.GetFirstName] keels over and falls to [From.GetHerHis] knees. Several of the lashes have cut particularly deep, and may leave permanent scars.;Vos gardes attachent [From.GetFirstName] a un poteau et commencent à le(a) fouetter. A trente neuf coups de fouet, les gardes s'arrêtent et le(a) détachent. [From.GetFirstName] s'effondre sur ses genoux. Certains coups de fouets lui ont profondemment entaillé la peau et lui laisseront sûrement des cicatrices qu'[From.GetSheHe] gardera jusqu'à la fin de sa vie.;;;;;;;;;;;;x
EVTDESCSLAVERY503;Your guards tie [From.GetFirstName] to a post and begin to beat [From.GetHerHim] as you count out thirty-nine lashes. When it's done, they release the bindings. [From.GetFirstName] falls to the ground, in too much pain even to think of standing. The lash has cut deep - perhaps too deep. You suspect [From.GetSheHe] may have been crippled for life.;Vos gardes attachent [From.GetFirstName] a un poteau et commencent à le(a) fouetter. A trente-neuf coups de fouet, les gardes s'arrêtent et le(a) détachent. [From.GetFirstName] s'effondre par terre, la douleur étant manifestement trop forte. Les coups de fouet ont profondemment entaillé la peau, peut-être trop profondément. Il est possible qu'[From.GetSheHe] soit estropié(e).;;;;;;;;;;;;x
EVTDESCSLAVERY504;Your guards tie [From.GetFirstName] to a post and begin to beat [From.GetHerHim] as you count out thirty-nine lashes. When it's done, they release the bindings - and [From.GetFirstName]'s body falls to the ground, lifeless. [From.GetSheHeCap] is dead.;Vos gardes attachent [From.GetFirstName] à un poteau et commencent à le(a) fouetter. A trente-neuf coups de fouet, les gardes s'arrêtent et le(a) détachent. Le corps de [From.GetFirstName] s'écroule, sans vie. [From.GetSheHeCap] est mort(e).;;;;;;;;;;;;x
EVTOPTASLAVERY504;Hang the body in the slave quarters as a warning.;Pendez le cadavre dans le quartiers des esclaves en guise d'avertissement.;;;;;;;;;;;;x
EVTOPTBSLAVERY504;...well, so much for that plan.;...bien, cela ne s'est pas vraiment déroulé comme je l'aurai voulu.;;;;;;;;;;;;x
EVTDESCSLAVERY601;Your guards awaken you in the middle of the night with terrible news - [From.GetBestName], one of your slaves, has escaped!;Vos gardes vous réveillent au beau milieu de la nuit pour vous annoncer une très mauvaise nouvelle. [From.GetBestName], l'un(e) de vos esclaves, s'est échappé(e) !;;;;;;;;;;;;x
EVTOPTASLAVERY601;Curses!;Malédiction !;;;;;;;;;;;;x
EVTDESCSLAVERY603;A [From.GetManWoman] named [From.GetBestName] has arrived at your court. [From.GetSheHeCap] claims to be an escaped slave from [FromFrom.Capital.GetName].;Un(e) [From.GetManWoman] appelé(e) [From.GetBestName] est arrivé(e) à votre cour. [From.GetSheHeCap] dit être un(e) esclave en fuite, venant de [FromFrom.Capital.GetName].;;;;;;;;;;;;x
EVTDESCSLAVERY604;Your [GetFromRelation], [From.GetBestName], has escaped from slavery!;Votre [GetFromRelation] asservi(e), [From.GetBestName], s'est échappé(e) !;;;;;;;;;;;;x
EVTDESCSLAVERY605;You are awakened late at night by a scream of pain. Your guards fling open the doors to your chambers and march in, dragging [From.GetBestName] with them, as [From.GetSheHe] struggles frantically. 'We caught this one trying to escape,' the guards explain, 'what do you want to do with [From.GetHerHim]?';Vous êtes réveillé au beau milieu de la nuit par des cris de souffrance. Vos gardes font irruption dans votre chambre, trainant [From.GetBestName] qui se débat comme un(e) forcené(e). 'Nous avons attrapé celui(elle)-ci alors qu'[From.GetSheHe] essayait de s'échapper,' vous explique l'un des gardes, 'que devons-nous faire avec [From.GetHerHim]?';;;;;;;;;;;;x
EVTOPTASLAVERY605;Let [From.GetHerHim] off with a warning.;Laissez-le(a), mais dites-lui de ne pas recommencer.;;;;;;;;;;;;x
EVTOPTBSLAVERY605;Lash [From.GetHerHim]!;Fouettez-le(a) !;;;;;;;;;;;;x
EVTOPTCSLAVERY605;Lash [From.GetHerHim], find anyone who aided [From.GetHerHim], and lash them, too!;Fouettez-le(a), trouvez ceux qui l'ont aidé et fouettez-les !;;;;;;;;;;;;x
EVTTOOLTIPSLAVERY1000;[This.GetTitledFirstName] gains one slave camp level in [This.GetHerHis] capital.;gagne un niveau de camp d'esclaves dans sa capitale.;;;;;;;;;;;;x
EVTTOOLTIPSLAVERY1001;[This.GetTitledFirstName] loses one slave camp level in [This.GetHerHis] capital.;perd un niveau de camp d'esclaves dans sa capitale.;;;;;;;;;;;;x
EVTDESCSLAVERY1010;You have slaves outside your capital. They will be brought to your camps in [Root.Capital.GetName].;Vous avez des esclaves en dehors de votre capitale. Ils vont être envoyés dans vos camps à [Root.Capital.GetName].;;;;;;;;;;;;x
EVTDESCSLAVERY1100;One of the slaves in your camps has distinguished themselves, and you believe that they might have potential as a domestic slave. Should you bring them into your personal household?;L'un de vos esclaves dans vos camps s'est particulièrement distingué, et vous pensez qu'il a le potentiel pour devenir un esclave domestique. Voulez-vous le faire entrer dans votre maisonnée ? ;;;;;;;;;;;;x
EVTOPTASLAVERY1100;Yes, their talents will be more useful here.;Oui, ses talents me seront plus utiles ici.;;;;;;;;;;;;x
EVTOPTBSLAVERY1100;No, I've no need for another retainer.;Non, je n'ai pas besoin d'un nouveau serviteur. ;;;;;;;;;;;;x
EVTTOOLTIPSLAVERY1200;Arrange to buy a slave camp level for 400 gold.;Chercher à acheter un niveau de camp d'esclaves pour 1000 pièces d'or.;;;;;;;;;;;;x
EVTDESCSLAVERY1200;You have saved up a considerable sum of money, and plan to purchase a large number of slaves. You arrange to meet with a slaver who might be willing and able to sell you such a host.;Vous avez accumulé une somme importante et avez l'intention d'acheter un grand nombre d'esclaves. Vous arrangez une rencontre avec un marchand d'esclaves ayant les capacités de vous fournir une telle quantité de non-libres.;;;;;;;;;;;;x
EVTOPTASLAVERY1200;Meet with the slaver.;Rencontre avec le marchand d'esclaves;;;;;;;;;;;;x
EVTTOOLTIPSLAVERY1201;considers your offer.;considère votre offre.;;;;;;;;;;;;x
EVTDESCSLAVERY1201;A wealthy [From.GetManWoman] from [From.Capital.GetName] has arranged to meet with you. [From.GetSheHeCap] claims that [From.GetSheHe] wants to purchase not just one slave, but several thousand from your camps, and is willing to pay four hundred gold coins for the lot.;Un(e) [From.GetManWoman] riche originaire de [From.Capital.GetName], a arrangé une rencontre avec vous. [From.GetSheHeCap] dit qu'[From.GetSheHe] ne veut pas seulement acheter un esclave, mais plusieurs milliers en provenance de vos camps. [From.GetSheHeCap] est prêt à payer mille pièces d'or pour le lot. ;;;;;;;;;;;;x
EVTOPTASLAVERY1201;Accept;Accepter;;;;;;;;;;;;x
EVTOPTBSLAVERY1201;Reject;Refuser;;;;;;;;;;;;x
EVTTOOLTIPSLAVERY1202;s offer is accepted.;voit son offre acceptée.;;;;;;;;;;;;x
EVTDESCSLAVERY1202;The slaver, a [From.GetManWoman] from [From.Capital.GetName] by the name of [From.GetFirstName] [From.GetOnlyDynastyName] briefly considers your offer, before accepting. The money and the whip change hands, and you return to [Root.Capital.GetName] with a vast host of new slaves in your possession.;Le marchand d'esclaves, un(e) [From.GetManWoman] originaire de [From.Capital.GetName] et répondant au nom de [From.GetFirstName] [From.GetOnlyDynastyName] considère brièvement votre offre avant d'accepter. L'argent et le fouet changent de mains, et vous retournez à [Root.Capital.GetName] avec une cohorte d'esclaves en votre possession. ;;;;;;;;;;;;x
EVTOPTASLAVERY1202;A most profitable investment.;Un investissement des plus profitables.;;;;;;;;;;;;x
EVTTOOLTIPSLAVERY1203;s offer is refused.;voit son offre refusée.;;;;;;;;;;;;x
EVTDESCSLAVERY1203;The slaver, a [From.GetManWoman] from [From.Capital.GetName] by the name of [From.GetFirstName] [From.GetOnlyDynastyName] briefly considers your offer, before rejecting. [From.GetSheHeCap] claims that [From.GetSheHe] cannot possibly part with so many slaves.;Le marchand d'esclaves, un(e) [From.GetManWoman] originaire de [From.Capital.GetName] et répondant au nom de [From.GetFirstName] [From.GetOnlyDynastyName] considère brièvement votre offre avant de refuser. [From.GetSheHeCap] dit qu'[From.GetSheHe] ne peut pas se séparer d'autant d'esclaves. ;;;;;;;;;;;;x
EVTOPTASLAVERY1203;Buy from another slaver.;Acheter chez un autre marchand d'esclaves.;;;;;;;;;;;;x
EVTOPTBSLAVERY1203;Give up.;Abandonner.;;;;;;;;;;;;x
EVTTOOLTIPSLAVERY1300;Arrange to sell a slave camp level for 400¤.;Chercher à vendre un niveau de camp d'esclaves pour 1000 pièces d'or.;;;;;;;;;;;;x
EVTDESCSLAVERY1300;You currently seem to have too little money, and too many slaves. Fortunately, the one may be the solution to the other. You have arranged to meet with a wealthy slaver, who might be interested in purchasing your stock.;Actuellement vous n'avez pas assez d'argent, mais bien trop d'esclaves. Heureusement, l'un des problèmes peut être la solution à l'autre. Vous avez oganisé une rencontre avec un riche marchand d'esclaves qui pourrait être intéressé par l'achat de vos esclaves. ;;;;;;;;;;;;x
EVTOPTASLAVERY1300;Meet with the slaver.;Rencontre avec le marchand d'esclaves;;;;;;;;;;;;x
EVTTOOLTIPSLAVERY1301;considers your offer.;considère votre offre.;;;;;;;;;;;;x
EVTDESCSLAVERY1301;A [From.GetManWoman] from [From.Capital.GetName] has arranged to meet with you. [From.GetSheHeCap] claims to have several slaves to sell, to provide labor for your camps, at a price of four hundred gold coins.;Un(e) [From.GetManWoman] originaire de [From.Capital.GetName] a arrangé une rencontre avec vous. [From.GetSheHeCap] dit avoir de nombreux esclaves à vendre qui pourraient fournir leur force de travail pour vos camps. [From.GetSheHeCap] les vend à mille pièces d'or le lot. ;;;;;;;;;;;;x
EVTOPTASLAVERY1301;Accept;Accepter;;;;;;;;;;;;x
EVTOPTBSLAVERY1301;Reject;Refuser;;;;;;;;;;;;x
EVTTOOLTIPSLAVERY1302;s offer is accepted.;voit son offre refusée.;;;;;;;;;;;;x
EVTDESCSLAVERY1302;The slaver, a [From.GetManWoman] from [From.Capital.GetName] by the name of [From.GetFirstName] [From.GetOnlyDynastyName] briefly considers your offer, before accepting. The money and the whip change hands, and you return to [Root.Capital.GetName] with your pockets heavy with gold.;Le marchand d'esclaves, un(e) [From.GetManWoman] originaire de [From.Capital.GetName] répondant au nom de [From.GetFirstName] [From.GetOnlyDynastyName] considère brièvement votre offre avant d'accepter. L'argent et le fouet changent de mains, et vous retournez à [Root.Capital.GetName] avec les poches remplies d'or.;;;;;;;;;;;;x
EVTOPTASLAVERY1302;A most profitable transaction.;Une transaction des plus profitables.;;;;;;;;;;;;x
EVTTOOLTIPSLAVERY1303;s offer is refused.;voit son offre refusée.;;;;;;;;;;;;x
EVTDESCSLAVERY1303;The slaver, a [From.GetManWoman] from [From.Capital.GetName] by the name of [From.GetFirstName] [From.GetOnlyDynastyName] briefly considers your offer, before rejecting. [From.GetSheHeCap] claims that [From.GetSheHe] has no need of so many slaves.;Le marchand d'esclaves, un(e) [From.GetManWoman] originaire de [From.Capital.GetName] et répondant au nom de [From.GetFirstName] [From.GetOnlyDynastyName] considère brièvement votre offre avant de refuser. [From.GetSheHeCap] dit qu'[From.GetSheHe] n'a pas besoin d'autant d'esclaves.;;;;;;;;;;;;x
EVTOPTASLAVERY1303;Sell to another slaver.;Vendre à un autre marchand d'esclaves.;;;;;;;;;;;;x
EVTOPTBSLAVERY1303;Give up.;Abandonner.;;;;;;;;;;;;x
EVTTOOLTIPSLAVERY1400;Free one slave camp level.;Libérer un niveau de camp d'esclaves.;;;;;;;;;;;;x
EVTDESCSLAVERY1400;Your slaves are shocked when they see their master arrive in their camp, wearing your finest silks and surrounded by your guards. The people you see look half-starved, their clothing wretched and ragged, their faces bleak. Few bother to listen when you begin to speak, but you get their attention soon enough, when you proclaim that you are setting them all free. There is a moment of cautious disbelief, before the air of bleak depression dies beneath a sudden wave of vibrant joy.;Vos esclaves sont surpris de voir leur maître(sse) se rendre dans leur camp. Vous le traversez, entouré de vos gardes et vêtu de vos plus belles soieries qui contrastent avec leurs vêtements en lambeaux, leur corps maigre et leur visage émacié. Lorsque vous commencez votre discours, peu d'entre eux vous accordent leur attention, mais cette attitude change peu à peu, au fur et à mesure qu'ils en comprennent la teneur. Lorsque vous annoncez leur affranchissement, le camps est entièrement tourné vers vous, pétrifié, hébété, silencieux. Puis c'est une explosion de joie, un cri formidable, capable de fendre les cieux. ;;;;;;;;;;;;x
EVTOPTASLAVERY1400;Farewell to them all.;Bon vent à eux.;;;;;;;;;;;;x
TOOLTIPslave_raid_new_slaves;Three slaves captured in [This.GetName] shall be added to [Root.GetTitle] [Root.GetFirstName]'s personal collection.\n;Trois esclaves capturés à [This.GetName] seront ajoutés à la collection personnelle du(e) [Root.GetTitle] [Root.GetFirstName].\n;;;;;;;;;;;;x
EVTDESCslavery.4000;The sacking of [From.GetName] was most brutal, with many prisoners being taken. In fact we have so many prisoners we could well take some of them back to [Root.Capital.GetName] as slaves...;Le sac de [From.GetName] fut brutal, de nombreux prisonniers ont été faits. En fait, nous avons tellement de prisonniers que nous pourrions en renvoyer certains à [Root.Capital.GetName] en tant qu'esclaves...;;;;;;;;;;;;x
OPTAslavery.4000;Yes, bring them to my camp!;Oui, envoyez-les dans mes camps !;;;;;;;;;;;;x
OPTBslavery.4000;I have no need for them now;Je n'ai pas besoin d'eux pour l'instant.;;;;;;;;;;;;x
EVTDESCSLAVERY3000;Whilst visiting the great slaver cities with my guardian [Root.Guardian.GetTitledName], I have witnessed the miserable existence of the slave laborers, and have come to understand their suffering. Slavery is clearly an abhorrent practice, and I will endeavor to see it's end.;Alors que je visitais les grandes cités esclavagistes avec mon(a) tuteur(trice) [Root.Guardian.GetTitledName] j'ai été le témoin de l'existence misérable des travailleurs serviles, et j'en suis venu à comprendre leurs souffrances. L'esclavage est clairement une pratique abominable et je ferai tout pour en voir la fin.;;;;;;;;;;;;x
EVTOPTASLAVERY3000;They will be liberated one day...;Un jour, ils seront libres...;;;;;;;;;;;;x
EVTDESCSLAVERY3001;After you took [From.GetHerHim] to visit a slaver city, your young ward [From.GetTitledName] has acquired some forthright views on slavery. [From.GetSheHeCap] thinks that no man should be owned by another, saying it is a miserable practice. [From.GetSheHeCap] has vowed to help slaves whenever [From.GetSheHe] can...;Après que vous l'ayez emmené avec vous pour visiter une cité esclavagiste, votre jeune pupille [From.GetTitledName] s'est forgé(e) une opinion tranchée concernant l'esclavage. [From.GetSheHeCap] pense qu'aucun homme ne drevait appartenir à un autre et que cette pratique est abominable. [From.GetSheHeCap] a fait voeu d'aider les esclaves dès qu' [From.GetSheHe] le pourra...;;;;;;;;;;;;x
EVTOPTASLAVERY3001;I praise your noble cause;Voilà une noble cause. ;;;;;;;;;;;;x
EVTOPTBSLAVERY3001;Don't be silly, slavery is necessary;Ne soyez pas bête, l'esclavage est nécessaire.;;;;;;;;;;;;x
EVTDESCSLAVERY3002;[From.GetTitledName] reacted sternly to your newly held views on slavery. [From.GetSheHeCap] insists slavery is a necessary and natural state of the world, and thinks that you should focus on more important matters.;[From.GetTitledName] a réagi sévèrement à votre nouvelle opinion sur l'esclavage. [From.GetSheHeCap] insiste sur le fait que ce dernier est nécessaire et naturel et que vous devriez vous concentrer sur des questions plus importantes.;;;;;;;;;;;;x
EVTDESCSLAVERY2000;You have chosen to disregard a treaty that was enforced by a foreign country prohibiting slavery in [Root.PrimaryTitle.GetName], legalizing the practice once again. Foreign powers where slavery is illegal will see this as a provacation and may launch invasions to liberate your realm from slavery.;Vous avez choisi de ne pas respecter un traité imposé par un pays étranger et qui prohibait l'esclavage à [Root.PrimaryTitle.GetName]. Vous en avez légalisé la pratique. Les puissances étrangères où l'esclavage est illégal verront ceci comme un provocation et pourront lancer une invasion pour libérer les esclaves de nos domaines.;;;;;;;;;;;;x
EVTTOOLTIPSLAVERY2001;[This.PrimaryTitle.GetName] may have a casus belli to invade and liberate your realm;[This.PrimaryTitle.GetName] peut avoir un casus belli pour vous envahir et libérer les esclaves de vos domaines;;;;;;;;;;;;x
EVTDESCSLAVERY2001;[Root.PrimaryTitle.GetFOA], it has come to the council's attention that [From.GetTitledFirstName] has legalised slavery in [FromFrom.GetName], this is despite a treaty that was enforced by another country making it illegal there. As this abhorrent practice is outlawed in your realm, we now advise you that an invasion to liberate [FromFrom.GetName] will largely be seen as just.;[Root.PrimaryTitle.GetFOA], le conseil a entendu dire que [From.GetTitledFirstName] avait légalisé l'esclavage à [FromFrom.GetName], et cela malgré un traité imposé par un pays étranger qui le rendait illégal. Etant donné que cette abominable pratique est interdite sur notre territoire, nous vous informons qu'une invasion pour libérer les esclaves de [FromFrom.GetName] serait vu comme acte juste.;;;;;;;;;;;;x
EVTDESCSLAVERY403;[Root.PrimaryTitle.GetFOA], your slave [From.Mother.GetFirstName] has had a child, who she calls [From.GetFirstName]. Apparently the infant looks very much like you, and you did lay with the mother...;[Root.PrimaryTitle.GetFOA], votre esclave [From.Mother.GetFirstName] vient de donner naissance à un enfant qu'elle a appelé [From.GetFirstName]. Apparemment le nourrisson vous ressemble beaucoup, et vous avez effectivement couché avec la mère... ;;;;;;;;;;;;x
EVTDESCSLAVERY403;[Root.PrimaryTitle.GetFOA], your slave [From.Mother.GetFirstName] has had a child, who she calls [From.GetFirstName]. Apparently the infant looks very much like you, and you did lay with the mother...;[Root.PrimaryTitle.GetFOA], votre esclave [From.Mother.GetFirstName] vient de donner naissance à un enfant qu'elle a appelé [From.GetFirstName]. Apparemment le nourrisson vous ressemble beaucoup, et vous avez effectivement couché avec la mère... ;;;[Root.PrimaryTitle.GetFOA], tu esclava [From.Mother.GetFirstName] acaba de dar a luz a un niño llamado [From.GetFirstName]. Aparentemente el bebé se te parece mucho, y efectivamente te acostaste con la madre...;;;;;;;;;x
EVTDESCSLAVERY403B;[Root.PrimaryTitle.GetFOA], your slave [From.Mother.GetFirstName] has had a child, but it did not survive the birth.  Apparently the dead infant looks very much like you, and you did lay with the mother...;[Root.PrimaryTitle.GetFOA], votre esclave [From.Mother.GetFirstName] vient de donner naissance à un enfant mais il n'a pas survécu. Apparemment le mort-né vous ressemblait beaucoup, et vous avez effectivement couché avec la mère... ;;;[Root.PrimaryTitle.GetFOA], tu esclava [From.Mother.GetFirstName] acaba de dar a luz a un niño, pero no ha sobrevivido. Aparentemente el bebé se te parecía mucho, y efectivamente te acostaste con la madre...;;;;;;;;;x
EVTOPTASLAVERY403;Just another slave for my collection;Juste un nouvel esclave pour ma collection.;;;Sólo otro esclavo para mi colección.;;;;;;;;;x
EVTOPTASLAVERY403B;Shame, it would have made a good slave;Mince, cela aurait fait un(e) bon(ne) esclave;;;Lástima, podría haber sido un buen esclavo;;;;;;;;;x
EVTOPTBSLAVERY403;The child can live as my illegitimate [From.GetRootRelation];Le nourrisson peut vivre en tant que mon(a) [From.GetRootRelation] illégitime.;;;El bebé vivirá como mi [From.GetRootRelation] ilegítimo.;;;;;;;;;x
EVTOPTBSLAVERY403B;I name the child my illegitimate [From.GetRootRelation];Je fais de l'enfant mon [From.GetRootRelation] illégitime;;;Hago al niño mi [From.GetRootRelation] ilegítimo;;;;;;;;;x
EVTOPTCSLAVERY404;I name [From.GetHerHim] my trueborn [GetFromRelation], and [From.Mother.GetFirstName] a free woman;J'en fais mon(a) [GetFromRelation], légitime, et [From.Mother.GetFirstName] est désormais une femme libre. ;;;;;;;;;;;;x
EVTOPTDSLAVERY404;[From.GetSheHeCap] is my [From.GetRootRelation];[From.GetSheHeCap] est mon(a) [From.GetRootRelation];;;[From.GetSheHeCap] es mi [From.GetRootRelation];;;;;;;;;x
EVTDESCSLAVERY401;[Root.PrimaryTitle.GetFOA], your slave [From.Mother.GetFirstName] has given birth to a child. She calls [From.GetHerHim] [From.GetFirstName], and [From.GetSheHe] shall be born into your possession.;[Root.PrimaryTitle.GetFOA], votre esclave [From.Mother.GetFirstName] vient de donner naissance à un enfant qu'elle a appelé [From.GetFirstName]. [From.GetSheHe] est votre propriété. ;;;;;;;;;;;;x
EVTOPTASLAVERY401;I hope [From.GetSheHe] becomes a valuable slave;J'espère qu'[From.GetSheHe] deviendra un(e) esclave de valeur. ;;;;;;;;;;;;x
EVTTOOLTIPSLAVERY302;is commanded to lay with [From.GetFirstName];se voit ordonner de coucher avec [From.GetFirstName];;;;;;;;;;;;x
EVTDESCSLAVERY15;Slavery is illegal in [Root.TopLiege.PrimaryTitle.GetName], and so you are compelled to leave the slave trade.;L'esclavage est illégal à [Root.TopLiege.PrimaryTitle.GetName], aussi êtes-vous contraint d'abandonner le commerce des esclaves.;;;;;;;;;;;;x
EVTOPTASLAVERY15;But it was so lucrative!;Mais c'était si lucratif !;;;;;;;;;;;;x
EVTOPTBSLAVERY253;I don't think so, I can find another slave elsewhere;Non, je peux trouver un autre esclave ailleurs.;;;;;;;;;;;;x
EVTTOOLTIPSLAVERY255;is informed of your rejection;est informé de votre refus.;;;;;;;;;;;;x
EVTTOOLTIPSLAVERY253;will consider you price for [From.GetFirstName]...;va réfléchir à votre prix pour [From.GetFirstName]...;;;;;;;;;;;;x
EVTOPTESLAVERY208;There are no slaves to buy here;Il n'y a aucun esclave à acheter ici.;;;;;;;;;;;;x
EVTTOOLTIPSLAVERY250;[From.GetTitledFirstName] will consider your offer to buy [This.GetFirstName];[From.GetTitledFirstName] va réfléchir à votre offre pour acheter [This.GetFirstName];;;;;;;;;;;;x
EVTTOOLTIP204;will consider your suitable bed slaves;va jeter un œil à vos esclaves de lit.;;;;;;;;;;;;x
EVTTOOLTIPSLAVERY203;shall present you with a suitable bed slave to consider;vous présentera une esclave de lit intéressante.;;;;;;;;;;;;x
EVTTOOLTIPSLAVERY205;shall present you with a suitable bodyguard to consider;vous présentera un garde du corps intéressant.;;;;;;;;;;;;x
EVTTOOLTIPSLAVERY207;shall present you with a suitable retainer to consider;vous présentera un serviteur intéressant.;;;;;;;;;;;;x
EVTTOOLTIPSLAVERY202;meets with you to discuss [From.GetHerHis] requirements;vous rencontre pour discuter de vos besoins et exigences.;;;;;;;;;;;;x
EVTDESCSLAVERY151;You have decided that your prisoner [From.GetTitledFirstName] shall be sold into slavery. Now to find a slave trader who will buy [From.GetHerHim]...;Vous avez décidé que votre prisonnier [From.GetTitledFirstName] devrait être vendu en esclavage. Maintenant il faut trouver un marchand d'esclaves qui acceptera de l'acheter…;;;;;;;;;;;;x
EVTOPTASLAVERY151;I am sure they will be interested;Je suis sûr que certains seront intéressés.;;;;;;;;;;;;x
EVTOPTBSLAVERY151;There is no-one who will buy [From.GetHerHim];Il n'y a personne qui voudra l'acheter.;;;;;;;;;;;;x
EVTTOOLTIPSLAVERY100;will consider making an offer for your slave;va réfléchir à une offre pour votre esclave.;;;;;;;;;;;;x
EVENTTOOLTIPSLAVERY1300;You shall seek a trader to buy bulk slaves from;Vous allez chercher un marchand prêt à acheter des esclaves en grand nombre. ;;;;;;;;;;;;x
EVTTOOLTIPSLAVERY300;You will select a slave to breed with [This.GetFirstName];Vous allez sélectionner un(e) esclave pour s'accoupler avec [This.GetFirstName];;;;;;;;;;;;x
mark_for_sale;List For Sale;Faire savoir que [Root.GetFirstName] est à vendre;;;;;;;;;;;;x
mark_for_sale_desc;Let it be known at the slave markets that [Root.GetFirstName] [Root.GetOnlyDynastyName] is for sale;Faites savoir au marché aux esclaves que [Root.GetFirstName] est à vendre.;;;;;;;;;;;;x
FORSALETOOLTIP;[This.GetFirstName] will be listed as available for sale again;[This.GetFirstName] sera considéré comme à vendre.;;;;;;;;;;;;x
mark_not_for_sale;List As Not For Sale;Faire savoir que [Root.GetFirstName] n'est pas à vendre;;;;;;;;;;;;x
mark_not_for_sale_desc;Let it be known at the slave markets that [Root.GetFirstName] [Root.GetOnlyDynastyName] is not for sale and that you will not entertain any offers for [Root.GetHerHim];Faites savoir au marché aux esclaves que [Root.GetFirstName] n'est pas à vendre et que vous n'accepterez aucune offre pour [Root.GetHerHim].;;;;;;;;;;;;x
NOTFORSALETOOLTIP;[This.GetFirstName] will be listed as not available for sale;Faire savoir que [This.GetFirstName] ne sera pas à vendre.;;;;;;;;;;;;x
EVTTOOLTIPSLAVERY150;You search for a slave trader willing to buy [Root.GetTitledFirstName];Vous cherchez un marchand d'esclaves voulant acquérir [Root.GetTitledFirstName].;;;;;;;;;;;;x
EVTDESC_TOG_106099;Angry at their lowly status, the slaves in [Root.GetName] have risen up in revolt! They are lead by one of their own, whose aim is to establish a Kingdom free of slavery.;En colère quant à leur statut, les esclaves de [Root.GetName] se sont révoltés ! Ils sont menés par l'un des leurs qui rêve de fonder un royaume libéré de l'esclavage.;;;;;;;;;;;;x
EVTOPTA_TOG_106099;We shall crush this slave scum;Nous devons absolument écraser ces racailles !;;;;;;;;;;;;x
EVTDESC_TOG_106199;Angry at their lowly status, the slaves in [From.GetName] have risen up in revolt! They are lead by one of their own, whose aim is to establish a Kingdom free of slavery.;En colère quant à leur statut, les esclaves de [From.GetName] se sont révoltés ! Ils sont menés par l'un des leurs qui rêve de fonder un royaume libéré de l'esclavage.;;;;;;;;;;;;x
EVTDESCTOG106599;[From.GetName] held many slaves as captives, that is until you and your army liberated them. The decadent slave owners can only watch as your men free every last slave, granting them all their freedom.;[From.GetName] detenait de nombreux esclaves avant que vous n'arriviez, vous et votre armée, pour les libérer. Les esclavagistes décadents ne peuvent rien faire d'autre qu'observer tandis que vos hommes libèrent leurs derniers esclaves, désormais totalement libres.;;;;;;;;;;;;x
EVTTOOLTIPTOG106699;All slave camps in [From.GetName] are destroyed, with all the slaves being set free.;Tous les camps d'esclaves de [From.GetName] sont détruits. Tous les esclaves ont été libérés.;;;;;;;;;;;;x
EVTTOOLTIPTOG106899;A band of former slaves joins your cause;Une bande d'anciens esclaves rejoint votre cause.;;;;;;;;;;;;x
EVTDESC_TOG_106699;Grave news, [From.GetTitledFirstName] has freed all the slaves being held in the camps of [FromFrom.GetName]. We were powerless to resist as [From.GetSheHe] rode in after the victorious army and issued a proclamation granting them all their freedom.;De terribles nouvelles, [From.GetTitledFirstName] a libéré tous les esclaves du camp de [FromFrom.GetName]. Nous étions impuissants et n'avons pu lui résister alors qu'[From.GetSheHe] y pénétrait avec son armée victorieuse pour y proclamer leur libération. ;;;;;;;;;;;;x
LOSEALLSLAVES;All slaves being held in camps in [FromFrom.GetName] are set free by the attackers;Tous les esclaves retenus au camps de [FromFrom.GetName] ont été libérés par les attaquants.;;;;;;;;;;;;x
EVTOPTATOG106699;[From.GetSheHeCap] has no right to do that!;[From.GetSheHeCap] n'a aucun droit de faire ça !;;;;;;;;;;;;x
EVTDESC_TOG_107099;Sensing an opportunity, the slaves in [Root.GetName] have risen up in revolt! Their leaders have pledged allegiance to the ongoing slave revolt, and their cause to create a new Kingdom free of slavery;Sentant une opportunité, les esclaves de [Root.GetName] se sont révoltés ! Leurs meneurs ont fait allégeance aux révoltés et à leurs causes et ont juré de créer un nouveau royaume libéré de l'esclavage. ;;;;;;;;;;;;x
EVTOPTA_TOG_107099;More slaves to butcher;Plus d'esclaves à massacrer.;;;;;;;;;;;;x
EVTDESCTOG107199;The slaves of [From.GetName] have risen up in revolt and have joined your cause!;Les esclaves de [From.GetName] se sont révoltés et ont rejoint notre cause ! ;;;;;;;;;;;;x
EVTDESC_TOG_107299;Sensing an opportunity, the slaves in [From.GetName] have risen up in revolt! Their leaders have pledged allegiance to the ongoing slave revolt, and their cause to create a new Kingdom free of slavery;Sentant une opportunité, les esclaves de [From.GetName] se sont révoltés ! Leurs meneurs ont fait allégeance aux révoltés et à leurs causes et ont juré de créer un nouveau royaume libéré de l'esclavage. ;;;;;;;;;;;;x
TOOLTIPwar_of_liberationWESTEROS;[Root.GetTitledFirstName] and [From.GetTitledFirstName]'s capital are both in §YWesteros§!\n;Les capitales de [Root.GetTitledFirstName] et de [From.GetTitledFirstName] sont toutes les deux en §YWesteros§!\n;;;;;;;;;;;;x
TOOLTIPwar_of_liberationNEIGHBOUR;[Root.GetTitledFirstName] and [From.GetTitledFirstName]'s realms §Yneighbour§! each other\n;Les domaines de [Root.GetTitledFirstName] et de [From.GetTitledFirstName] sont §Yvoisins§! \n;;;;;;;;;;;;x
TOOLTIPslavery_0CULTURE;[This.GetTitledFirstName]'s religious Civilization or Soul is one that traditionally opposes the practice of slavery: Christian, Gnostic, Buddhist, Chinese, and Indian civilizations | Scholarly and Populist Souls. \n;La culture/religion de [This.GetTitledFirstName] est traditionnellement opposée à l'esclavage (Ouestrien/Braavien/Sauvageon/Dieux de l'Eté/Rhoynar/Pâtre Suprême/Chantelunes)\n;;;;;;;;;;;;x
TOOLTIPslavery_0VASSAL;Any of [This.GetTitledFirstName]'s vassals religious Civilization or Soul is one that traditionally opposes the practice of slavery: Christian, Gnostic, Chinese, Buddhist, and Indian Civilizations | Scholarly and Populist Souls\n;La culture/religion de tous les vassaux de [This.GetTitledFirstName] est traditionnellement opposée à l'esclavage\n;;;;;;;;;;;;x
TOOLTIPslavery_2CULTURE;[This.GetTitledFirstName]'s religious Civilization or Soul is not any that traditionally oppose the practice of slavery: Christian, Gnostic, Buddhist, Chinese, and Indian Civilizations | Scholarly and Populist Souls. \n;[This.GetTitledFirstName] est soit impliqué dans le commerce d'esclave soit sa culture/religion est traditionnellement favorable à la pratique de l'esclavage (Ghiscari/Valyrien/Cités Libres/Pirate/Dothraki)\n;;;;;;;;;;;;x
TOOLTIPslavery_2VASSAL;None of [This.GetTitledFirstName]'s vassals believe in any religion whose Civilization or Soul traditionally oppose the practice of slavery: Christian, Gnostic, Buddhist, Chinese, and Indian Civilizations | Scholarly and Populist Souls. \n;La culture/religion de tous les vassaux de [This.GetTitledFirstName] est traditionnellement favorable à la pratique de l'esclavage\n;;;;;;;;;;;;x
TOOLTIPslavery_0DYNASTY;House [This.GetOnlyDynastyName] descends from a former slave who liberated a realm from slavery\n;La culture/religion de tous les vassaux de [This.GetTitledFirstName] est traditionnellement opposée à l'esclavage\n;;;;;;;;;;;;x
demand_relatives_freed;Demand Vassal Frees Relatives;Exiger que votre vassal libère des parents;;;;;;;;;;;;x
demand_relatives_freed_desc;One of your vassals owns one of your kinsmen as a slave. As their liege you can command them to release them into your care.;L'un de vos vassaux détient l'un de vos parents en esclavage. En tant que suzerain, vous pouvez exiger sa libération.;;;;;;;;;;;;x
EVTTOOLTIPSLAVERY4001;will be commanded to free your relative;se verra ordonner de libérer votre parent(e).;;;;;;;;;;;;x
TOOLTIPdemand_relatives_freedSLAVE;[This.GetTitledFirstName] is one of the slaves\n;[This.GetTitledFirstName] est l'un(e) des esclaves\n;;;;;;;;;;;;x
EVTDESCslavery.4001;[Root.GetTitle] [Root.GetFirstName], it is come to my attention that amongst your slaves are my kinsmen. As your liege I command that you release them into my care immediately.\n\n Signed,\n[From.GetFirstName] of House [From.GetOnlyDynastyName], [From.GetTitle] of [From.PrimaryTitle.GetName];[Root.GetTitle] [Root.GetFirstName], j'ai appris que parmi vos esclaves se trouvaient certains de mes parents. En tant que votre suzerain je vous ordonne de les libérer et de me les remettre immédiatement.\n\n Signé,\n[From.GetFirstName] de la maison [From.GetOnlyDynastyName], [From.GetTitle] de [From.PrimaryTitle.GetName];;;;;;;;;;;;x
EVTDESCslavery.4002;[Root.PrimaryTitle.GetFOA], although it pains me, I will of course respect your authority and free your kinsmen from slavery as commanded. I shall send them to [Root.Capital.GetName] at once.\n\n Regards,\n[From.GetTitledFirstName] [From.GetOnlyDynastyName];[Root.PrimaryTitle.GetFOA], bien que cela ne me réjouisse guère, je vais bien entendu respecter votre autorité et libérer vos parents comme vous me l'avez ordonné. Jes les enverrai sur le champ à [Root.Capital.GetName].\n\n Cordialement,\n[From.GetTitledFirstName] [From.GetOnlyDynastyName];;;;;;;;;;;;x
EVTDESCslavery.4003;[Root.PrimaryTitle.GetFOA], whilst they may be your kinsmen, the laws of the realm dictate I do not have to give up what is rightly my property. I must refuse your request.\n\n Regards,\n[From.GetTitledFirstName] [From.GetOnlyDynastyName];[Root.PrimaryTitle.GetFOA], bien qu'ils soient vos parents, les lois sont claires, je n'ai pas à abandonner ce qui est ma propriété. Je suis navré de devoir refuser votre requête.\n\n Cordialement,\n[From.GetTitledFirstName] [From.GetOnlyDynastyName];;;;;;;;;;;;x
OPTAslavery.4003;Traitor! I will get them one way or another;Traître ! Je les récupérerai, d'une façon ou d'une autre !;;;;;;;;;;;;x
OPTAslavery.4001;To refuse would be treason;Refuser serait synonyme de trahison.;;;;;;;;;;;;x
OPTBslavery.4001;No, they are rightfully my property;Non, ils sont ma propriété.;;;;;;;;;;;;x
free_slave;Free [Root.GetFirstName];Libérer [Root.GetFirstName];;;;;;;;;;;;x
free_slave_desc;Grant [Root.GetFirstName] [Root.GetOnlyDynastyName] their freedom;Octroyer sa liberté à [Root.GetFirstName] [Root.GetOnlyDynastyName];;;;;;;;;;;;x
opinion_abolished_slavery_bad;Abolished Slavery;A aboli l'esclavage;;;;;;;;;;;;x
opinion_abolished_slavery_good;Abolished Slavery;A aboli l'esclavage;;;;;;;;;;;;x
opinion_abolished_slavery_former_slave;Abolished Slavery;A aboli l'esclavage;;;;;;;;;;;;x
opinion_chattel_slavery_bad;Legalised Slavery;A légalisé l'esclavage;;;;;;;;;;;;x
opinion_chattel_slavery_good;Legalised Slavery;A légalisé l'esclavage;;;;;;;;;;;;x
opinion_thralldom_bad;Legalised Thralldom;A légalisé le servage;;;;;;;;;;;;x
opinion_thralldom_good;Legalised Thralldom;A légalisé le servage;;;;;;;;;;;;x
TOOLTIPbuy_bulk_slaves;Any slave trader has a slave camp to sell\n;Un marchand d'esclaves a un camp d'esclaves à vendre\n;;;;;;;;;;;;x
TOOLTIPsell_bulk_slaves;Any slave trader has 400¤\n;Un marchand d'esclaves à 1000 pièces d'or\n;;;;;;;;;;;;x
slave_revolt_modifier;Realm in Slave Revolt;Royaume touché par une révolte d'esclaves;;;;;;;;;;;;x
crushed_slave_revolt_1;Slave Revolt Crushed;Révolte d'esclaves écrasée;;;;;;;;;;;;x
thwarted_war_of_emancipation_1;Thwarted War of Emacipation;Guerre d'émancipation contrecarrée;;;;;;;;;;;;x
thwarted_war_of_liberation_1;Thwarted War of Liberation;Guerre de libération contrecarrée;;;;;;;;;;;;x
concubine_slave;Take Slave as Concubine;Prendre [Root.GetFirstName] [Root.GetOnlyDynastyName] comme concubine;;;;;;;;;;;;x
concubine_slave_desc;Some rulers keep harems of multiple women to ensure the continuation of their line. Children of slave concubines will be born into servitude.;Les souverains ghiscaris disposent d'harems avec de nombreuses femmes pour s'assurer de la continuité de leur lignée. Les enfants des esclaves concubines naissent en servitude.;;;;;;;;;;;;x
sacked;Sacked;Saccagée;;;;;;;;;;;;x
TOOLTIPslave_raidBORDER;Either the target province §Yborders§! [Root.GetTitledFirstName]'s realm OR [Root.GetTitledFirstName] is a §Y'patrician'§! and the target is §Ycoastal§!\n;Soit la province ciblée est §Yfrontalière§! du domaine de [Root.GetTitledFirstName], soit [Root.GetTitledFirstName] est un §Y'patricien'§! et la cible est §Ycôtière§!\n;;;;;;;;;;;;x
TOOLTIPslave_raidCULTURE;The target province is NOT the same §Yculture group§! as [Root.GetTitledFirstName]\n;La province ciblée n'est PAS du même §Ygroupe culturel§! que [Root.GetTitledFirstName]\n;;;;;;;;;;;;x
TOOLTIPslave_raidSACKED;The target province has NOT been recently §Ysacked§! in a slave raid\n;La province ciblée n'a pas été récemment §Ysaccagée§! par un raid esclavagiste\n;;;;;;;;;;;;x
TOOLTIPslave_raidCENTRALIZATION;If the target is in the §Ysame realm§! as [Root.GetTitledFirstName] realm §Ycrown authority§! must NOT be medium or higher\n;Si la cible est dans le §Ymême royaume§! que le domaine de [Root.GetTitledFirstName] alors l' §Yautorité de la couronne§! Ne doit pas être moyenne ou plus élevée\n;;;;;;;;;;;;x
TOOLTIPslave_raidPIRATE;If the target is a §Ypirate§! realm they can only be attacked if §Yking§! tier or higher\n;Si la cible est un §Ypirate§! il ne pourra être attaqué que s'il dispose au moins d'un rang de §Yroi§!\n;;;;;;;;;;;;x
manage_slave;Manage [Root.GetBestName];S'occuper de [Root.GetBestName];;;;;;;;;;;;x
manage_slave_desc;Have your guards bring [Root.GetFirstName], your [Root.GetOnlyDynastyName] slave, before you, so you can decide what you want done with [Root.GetHerHim];Ordonner à vos gardes d'amener [Root.GetFirstName], votre esclave [Root.GetOnlyDynastyName], devant vous, pour que vous puissiez décider quoi faire avec [Root.GetHerHim];;;;;;;;;;;;x
EVTDESCSLAVERY2;[Root.PrimaryTitle.GetFOA], your slave [From.GetFirstName] has been brought before you for examination, what would you like done with [From.GetHerHim]?;[Root.PrimaryTitle.GetFOA], votre esclave [From.GetFirstName] a été amené devant vous pour que vous puissiez l'examiner. Que voulez-vous faire de [From.GetHerHim]?;;;;;;;;;;;;x
EVTOPTASLAVERY2;Sell [From.GetHerHim], get as much as coin as possible;Vendez-le(a), tirez-en le plus d'argent possible.;;;;;;;;;;;;x
EVTOPTBSLAVERY2;Inform other slavers [From.GetSheHe] is not for sale;Informer les autres esclavagistes qu'[From.GetSheHe] n'est pas à vendre.;;;;;;;;;;;;x
EVTOPTCSLAVERY2;Inform other slavers [From.GetSheHe] is now for sale;Informer les autres esclavagistes qu'[From.GetSheHe] est désormais à vendre.;;;;;;;;;;;;x
EVTOPTDSLAVERY2;Have [From.GetHerHim] breed with another slave, I need more;Accouplez-le(a) avec un(e) autre esclave, il m'en faut plus.;;;;;;;;;;;;x
EVTOPTESLAVERY2;More....;Plus...;;;;;;;;;;;;x
EVTOPTFSLAVERY2;[From.GetSheHeCap] needs a good lashing;[From.GetSheHeCap] a besoin de quelques coups de fouet.;;;;;;;;;;;;x
EVTOPTGSLAVERY2;I will take her as my concubine;Je vais la prendre comme concubine.;;;;;;;;;;;;x
EVTOPTHSLAVERY2;Have the [Root.GetLordSpiritualName] make him a eunuch;Que [Root.GetLordSpiritualName] en fasse un eunuque.;;;;;;;;;;;;x
EVTOPTISLAVERY2;I shall grant [From.GetHerHim] freedom;Je vais le(a) libérer.;;;;;;;;;;;;x
EVTOPTJSLAVERY2;Nevermind, that will be all today;Ce sera tout pour aujourd'hui.;;;;;;;;;;;;x
TOOLTIPSLAVEREVOLTX;Rebel slaves are recaptured and sent back to the slave camps\n;Des esclaves rebelles ont été recapturés et envoyés au camp d'esclave\n;;;;;;;;;;;;x
EVTDESCSLAVERY607;Your slave [From.GetFirstName] [From.GetOnlyDynastyName] was known to ride a dragon before [From.GetSheHe] was captured, and [From.GetSheHe] would never reveal what happened to it. That was until today, when the dragon came to [Root.Capital.GetName]! The beast killed many of your guards, who failed to stop [From.GetFirstName] mounting the dragon and flying away.;Votre esclave [From.GetFirstName] [From.GetOnlyDynastyName] était connu(e) pour chevaucher un dragon avant qu'[From.GetSheHe] ne soit capturé(e), et [From.GetSheHe] ne voulait pas vous révéler ce qu'il était devenu. Jusqu'à aujourd'hui... le dragon est apparu dans le ciel de [Root.Capital.GetName]! La bête a tuer nombre de vos gardes qui ne sont pas parvenus à arrêter [From.GetFirstName] qui est monté sur son dragon et a fui.;;;;;;;;;;;;x
EVTOPTASLAVERY607;[From.GetSheHeCap] will regret this!;[From.GetSheHeCap] va le regretter !;;;;;;;;;;;;x
EVTDESCSLAVERY608;You were out with the men in the yard when a huge winged beast is seen in the sky, speeding towards the castle. It could only be a dragon. It touches down before everyone, and none other than [From.GetTitledFirstName] [From.GetOnlyDynastyName] leaps down off of it. Apparently [From.GetSheHe] escaped slavery in [FromFrom.PrimaryTitle.GetName], and now seeks refuge here.;Vous étiez dans la cour avec vos hommes lorsqu'une immense bête ailée est apparu dans le ciel. Cela ne pouvait être qu'un dragon. Le monstre s'est posé devant tout le monde, monté par [From.GetTitledFirstName] [From.GetOnlyDynastyName] ! Apparemment [From.GetSheHe] s'est échappé(e) de [FromFrom.PrimaryTitle.GetName] où [From.GetSheHe] était esclave. [From.GetSheHe] cherche refuge ici.;;;;;;;;;;;;x
realm_emancipated;Realm Emancipated;Royaume émancipé;;;;;;;;;;;;x
EVTOPTBSLAVERY201;No, I will not conduct trades this year;Non, je ne vais pas commercer cette année.;;;;;;;;;;;;x
train_unsullied;Train Unsullied;Entraîner les Immaculés;;;;;;;;;;;;x
train_unsullied_desc;Astapor is world renowned for the Unsullied, slave soldiers who are castrated at a young age and trained into the ultimate soldiers. You can use slaves from a camp to train a thousand of them, and sell them on for a profit.;Astapor est connue mondialement pour ses immaculés, des esclaves soldats castrés très jeunes et entraînés pour devenir des guerriers d'élites. Vous pouvez utiliser des esclaves d'un camp pour entraîner mille d'entre eux. Vous pourrez les vendre par la suite.;;;;;;;;;;;;x
EVTTOOLTIPSLAVERY700;A thousand Unsullied will begin training;Un millier d'Immaculés vont commencer leur entraînement;;;;;;;;;;;;x
buy_unsullied;Buy Unsullied;Acheter des Immaculés;;;;;;;;;;;;x
buy_unsullied_desc;Astapor is world renowned for the Unsullied, slave soldiers who are castrated at a young age and trained into the ultimate soldiers. You can offer to buy them in units of a century or a thousand.;Astapor est connue mondialement pour ses immaculés, des esclaves soldats castrés très jeunes et entraînés pour devenir des guerriers d'élites. Vous pouvez faire une offre pour en acheter, par centaine ou par millier.;;;;;;;;;;;;x
EVTTOOLTIPSLAVERY705;An Astapori slaver will be approached;Un esclave astapori va être approché.;;;;;;;;;;;;x
ca_asoiaf_unsullied_1;Unsullied Camp (1000);Camp d'Immaculés (1000);;;;;;;;;;;;x
ca_asoiaf_unsullied_2;Unsullied Camp (2000);Camp d'Immaculés (2000);;;;;;;;;;;;x
ca_asoiaf_unsullied_3;Unsullied Camp (3000);Camp d'Immaculés (3000);;;;;;;;;;;;x
ca_asoiaf_unsullied_4;Unsullied Camp (4000);Camp d'Immaculés (4000);;;;;;;;;;;;x
ct_asoiaf_unsullied_1;Unsullied Camp (1000);Camp d'Immaculés (1000);;;;;;;;;;;;x
ct_asoiaf_unsullied_2;Unsullied Camp (2000);Camp d'Immaculés (2000);;;;;;;;;;;;x
ct_asoiaf_unsullied_3;Unsullied Camp (3000);Camp d'Immaculés (3000);;;;;;;;;;;;x
ct_asoiaf_unsullied_4;Unsullied Camp (4000);Camp d'Immaculés (4000);;;;;;;;;;;;x
fp_asoiaf_unsullied_1;Unsullied Camp (1000);Camp d'Immaculés (1000);;;;;;;;;;;;x
fp_asoiaf_unsullied_2;Unsullied Camp (2000);Camp d'Immaculés (2000);;;;;;;;;;;;x
fp_asoiaf_unsullied_3;Unsullied Camp (3000);Camp d'Immaculés (3000);;;;;;;;;;;;x
fp_asoiaf_unsullied_4;Unsullied Camp (4000);Camp d'Immaculés (4000);;;;;;;;;;;;x
ca_asoiaf_unsullied_cent_1;Unsullied Camp (100);Camp d'Immaculés (100);;;;;;;;;;;;x
ca_asoiaf_unsullied_cent_2;Unsullied Camp (200);Camp d'Immaculés (200);;;;;;;;;;;;x
ca_asoiaf_unsullied_cent_3;Unsullied Camp (300);Camp d'Immaculés (300);;;;;;;;;;;;x
ca_asoiaf_unsullied_cent_4;Unsullied Camp (400);Camp d'Immaculés (400);;;;;;;;;;;;x
ca_asoiaf_unsullied_cent_5;Unsullied Camp (500);Camp d'Immaculés (500);;;;;;;;;;;;x
ca_asoiaf_unsullied_cent_6;Unsullied Camp (600);Camp d'Immaculés (600);;;;;;;;;;;;x
ca_asoiaf_unsullied_cent_7;Unsullied Camp (700);Camp d'Immaculés (700);;;;;;;;;;;;x
ca_asoiaf_unsullied_cent_8;Unsullied Camp (800);Camp d'Immaculés (800);;;;;;;;;;;;x
ca_asoiaf_unsullied_cent_9;Unsullied Camp (900);Camp d'Immaculés (900);;;;;;;;;;;;x
ct_asoiaf_unsullied_cent_1;Unsullied Camp (100);Camp d'Immaculés (100);;;;;;;;;;;;x
ct_asoiaf_unsullied_cent_2;Unsullied Camp (200);Camp d'Immaculés (200);;;;;;;;;;;;x
ct_asoiaf_unsullied_cent_3;Unsullied Camp (300);Camp d'Immaculés (300);;;;;;;;;;;;x
ct_asoiaf_unsullied_cent_4;Unsullied Camp (400);Camp d'Immaculés (400);;;;;;;;;;;;x
ct_asoiaf_unsullied_cent_5;Unsullied Camp (500);Camp d'Immaculés (500);;;;;;;;;;;;x
ct_asoiaf_unsullied_cent_6;Unsullied Camp (600);Camp d'Immaculés (600);;;;;;;;;;;;x
ct_asoiaf_unsullied_cent_7;Unsullied Camp (700);Camp d'Immaculés (700);;;;;;;;;;;;x
ct_asoiaf_unsullied_cent_8;Unsullied Camp (800);Camp d'Immaculés (800);;;;;;;;;;;;x
ct_asoiaf_unsullied_cent_9;Unsullied Camp (900);Camp d'Immaculés (900);;;;;;;;;;;;x
fp_asoiaf_unsullied_cent_1;Unsullied Camp (100);Camp d'Immaculés (100);;;;;;;;;;;;x
fp_asoiaf_unsullied_cent_2;Unsullied Camp (200);Camp d'Immaculés (200);;;;;;;;;;;;x
fp_asoiaf_unsullied_cent_3;Unsullied Camp (300);Camp d'Immaculés (300);;;;;;;;;;;;x
fp_asoiaf_unsullied_cent_4;Unsullied Camp (400);Camp d'Immaculés (400);;;;;;;;;;;;x
fp_asoiaf_unsullied_cent_5;Unsullied Camp (500);Camp d'Immaculés (500);;;;;;;;;;;;x
fp_asoiaf_unsullied_cent_6;Unsullied Camp (600);Camp d'Immaculés (600);;;;;;;;;;;;x
fp_asoiaf_unsullied_cent_7;Unsullied Camp (700);Camp d'Immaculés (700);;;;;;;;;;;;x
fp_asoiaf_unsullied_cent_8;Unsullied Camp (800);Camp d'Immaculés (800);;;;;;;;;;;;x
fp_asoiaf_unsullied_cent_9;Unsullied Camp (900);Camp d'Immaculés (900);;;;;;;;;;;;x
EVTDESCSLAVERY700;A thousand boys have been chosen for their strength and size to begin training as Unsullied. After being castrated, they will begin the brutal process which teaches them how to fight, and will strip all individuality, empathy, and self-worth. A majority shall fall short, those that fail at any time being killed. The survivors will be soldiers of unquestioning obedience and supreme ability.;Un millier de jeunes garçons ont été choisis pour leur force et leur taille afin qu'ils commencent leur entraînement pour devenir des Immaculés. Après avoir été castrés, ils débuteront ce processus brutal qui leur enseignera comment se battre et leur ôtera tout sentiment d'individualité, d'empathie ou de pusillanimité. Une majorité d'entre eux craqueront avant la fin de leur formation et seront tués sur le champ. Les survivants deviendront des soldats exceptionnels à la discipline de fer et qui obéiront à n'importe quel ordre sans poser de question.;;;;;;;;;;;;x
EVTOPTASLAVERY700;They will become most valuable;Ils deviendront précieux.;;;;;;;;;;;;x
training_unsullied;Training Unsullied;Entraînement des Immaculés;;;;;;;;;;;;x
EVTDESCSLAVERY701;The latest batch of Unsullied have finally completed their training. For many years they have trained from dawn to dusk, and have been honed into fierce soldiers of the highest discipline. As proof of this, they have earned their spiked caps by each buying a newborn slave child and killing it before its mother. ;La dernière fournée d'Immaculés vient finalement d'achever sa formation. Pendant de nombreuses années ils se sont entraînés de l'aube au crépuscule pour devenir de féroces soldats extrêmement disciplinés. Pour prouver qu'ils sont dignes d'être des Immaculés, ils ont gagné leur casque à pointe en achetant un bébé esclave et en le tuant devant les yeux de sa mère. ;;;;;;;;;;;;x
EVTOPTASLAVERY701;At last, now I can sell them;Enfin, je vais pouvoir les vendre.;;;;;;;;;;;;x
TOOLTIPslavery.702;1000 Unsullied shall be added to your camps;1000 Immaculés vont être ajoutés à vos camps.;;;;;;;;;;;;x
EVTDESCSLAVERY705;Unsullied are by custom sold in either groups of a century or thousand. How many shall we offer to buy?;Les Immaculés sont traditionnellement vendus par groupes de cent ou de mille. Combien voulez-vous en acheter ?;;;;;;;;;;;;x
EVTOPTASLAVERY705;I need a thousand;J'ai besoin d'un millier d'Immaculés.;;;;;;;;;;;;x
EVTTOOLTIPSLAVERY706A;You offer to buy §Y1000§! Unsullied from [This.GetTitledFirstName] for 750¤;Vous proposez d'acheter §Y1000§! Immaculés à [This.GetTitledFirstName] pour 750¤;;;;;;;;;;;;x
EVTOPTBSLAVERY705;I need a century;J'ai besoin d'une centaine d'Immaculés.;;;;;;;;;;;;x
EVTTOOLTIPSLAVERY706B;You offer to buy §Y100§! Unsullied from [This.GetTitledFirstName] for 80¤;Vous proposez d'acheter §Y100§! Immaculés à [This.GetTitledFirstName] pour 80¤;;;;;;;;;;;;x
EVTOPTCSLAVERY705;No Unsullied are available presently;Aucun Immaculé n'est disponible en ce moment;;;;;;;;;;;;x
EVTOPTESLAVERY705;Inform me when a new batch is available;Informez moi lorsqu'une nouvelle fournée sera disponible.;;;;;;;;;;;;x
TOOLTIPEVTOPTESLAVERY705;You shall be informed when the next batch of trained unsullied are ready for purchase;Vous serez informé lorsque la prochaine fournée d'Immaculés entrainés sera prête à être achetée.;;;;;;;;;;;;x
EVTOPTDSLAVERY705;No, I change my mind;Non, j'ai changé d'avis;;;;;;;;;;;;x
EVTDESCSLAVERY706;[From.GetFirstName] [From.GetOnlyDynastyName] has arrived in [Root.Capital.GetName] to meet with you and discuss your Unsullied. You promptly have them parade before [From.GetHerHim], explaining to the [From.Culture] how they are a cut at a young age and then trained. [From.GetSheHeCap] seems impressed, and eventually makes an offer....;[From.GetFirstName] [From.GetOnlyDynastyName] est arrivé à [Root.Capital.GetName] pour vous rencontrer et discuter de vos Immaculés. Vous vous empressez de les faire parader devant [From.GetHerHim], expliquant au(à la) [From.Culture] comment ils sont castrés très jeunes puis entraînés. [From.GetSheHeCap] semble impressionné et fait une offre...;;;;;;;;;;;;x
EVTOPTASLAVERY706;A good deal, it is done;Une bonne affaire.;;;;;;;;;;;;x
EVTTOOLTIPSLAVERY706;[From.GetTitledFirstName] acquires the Unsullied;[From.GetTitledFirstName] acquiert les Immaculés;;;;;;;;;;;;x
EVTTOOLTIPSLAVERY704;100 Unsullied leave your camps;100 Immaculés quittent vos camps;;;;;;;;;;;;x
EVTTOOLTIPSLAVERY703;1000 Unsullied leave your camps;1000 Immaculés quittent vos camps;;;;;;;;;;;;x
EVTOPTBSLAVERY706;No, I don't think i should sell them to you;Non, je ne pense pas que je vais vous les vendre.;;;;;;;;;;;;x
EVTDESCSLAVERY707;You travelled to [From.Capital.GetName] to meet with [From.GetFirstName] [From.GetOnlyDynastyName] and discuss [From.GetHerHis] Unsullied. [From.GetSheHeCap] promptly has them parade before you, explaining to you how they are a cut at a young age and then trained brutally. They will do nicely, and eventually you thrash out the deal.;Vous voyagez jusqu'à [From.Capital.GetName] pour rencontrer [From.GetFirstName] [From.GetOnlyDynastyName] et discuter de ses Immaculés. [From.GetSheHeCap] s'empresse de les faire parader devant vous tout en vous expliquant comment ils sont castrés très jeunes puis entraînés brutalement.  Ils feront l'affaire aussi vous vous montrez interessé.;;;;;;;;;;;;x
EVTOPTASLAVERY707;Pleasure doing business;C'est un plaisir que de faire de telles affaires. ;;;;;;;;;;;;x
EVTOPTBSLAVERY707;Good, I shall also take a personal guard;Bien je devrais également prendre une garde personnelle.;;;;;;;;;;;;x
EVTDESCSLAVERY708;You travelled to [From.Capital.GetName] to meet with [From.GetFirstName] [From.GetOnlyDynastyName] and discuss [From.GetHerHis] Unsullied. [From.GetSheHeCap] reluctantly has them parade before you, bruskly going over training. You are sure the [From.Culture.GetName] is insulting you, but it is hard to tell. A deal cannot be made for them, with [From.GetTitle] [From.GetFirstName] coldly inviting you to leave.;Vous voyagez jusqu'à [From.Capital.GetName] pour rencontrer [From.GetFirstName] [From.GetOnlyDynastyName] et discuter de ses Immaculés. A contre-coeur, [From.GetSheHeCap] les fait parader devant vous, avant d'y mettre fin et de les renvoyer à l'entraînement. Vous êtes sûr que le [From.Culture] vous insulte. Aucune affaire ne peut avoir lieu entre vous, [This.GetTitledFirstName] vous demande froidement de partir.;;;;;;;;;;;;x
EVTOPTBSLAVERY708;I didn't want them anyway;Je ne les voulais pas de toute façon.;;;;;;;;;;;;x
EVTDESCSLAVERY709;The training of the Unsullied is not going smoothly. At the end of their first year, each boy is made to strangle a puppy, however many failed his year and were fed to the dogs. The rest aren't much better, they seem weak. Many have been killed for failing in marches and other tough tasks. Unless something is done all of them will have to be killed.;La formation des Immaculés ne se déroule pas très bien. A la fin de la première année, chaque garçon doit étrangler un chiot, et cette année nombre d'entre eux ont échoué et ont été donnés à manger aux chiens. Le reste ne vaut pas mieux, ils semblent faibles. Beaucoup ont été tués pour avoir échoué lors des marches ou lors d'autres tâches ardues. Si rien n'est fait, ils vont tous être tués.;;;;;;;;;;;;x
EVTOPTASLAVERY709;Yes, have them killed;Oui, tuez-les.;;;;;;;;;;;;x
TOOLTIPslavery.709CANCEL;The training of 1000 Unsullied will be cancelled, the boys shall be killed for their failiure\n;La formation des 1000 Immaculés va être annulé, les garçons vont être exécutés pour avoir échoué\n;;;;;;;;;;;;x
EVTOPTBSLAVERY709;Hire an expert in Unsullied training to sort them out;Engager un expert dans la formation des Immaculés pour redresser la situation.;;;;;;;;;;;;x
rejected_unsullied;Rejected Unsullied Offer;A rejeté mon offre pour des Immaculés;;;;;;;;;;;;x
unsullied;Unsullied;Immaculé;;;;;;;;;;;;x
unsullied_offensive;Unsullied Offensive;Attaque Immaculé;;;;;;;;;;;;x
unsullied_defensive;Unsullied Defensive;Défense Immaculé;;;;;;;;;;;;x
unsullied_morale;Unsullied Morale;Moral Immaculé;;;;;;;;;;;;x
unsullied_modifier;Combat Modifier boost to Unsullied Troops: $PERC$;Bonus de modificateur de combat pour les troupes Immaculées: $PERC$;;;;;;;;;;;;x
mobilise_unsullied;Mobilise Unsullied;Mobiliser les Immaculés;;;;;;;;;;;;x
mobilise_unsullied_desc;Issue a command to mobilise Unsullied into armies ready for battle. Once mobilised Unsullied cannot be sold.;Donnez l'ordre de mobilisation des Immaculés pour qu'ils forment des armées prêtent à se battre. Une fois mobilisés, les Immaculés ne peuvent être vendus.;;;;;;;;;;;;x
TOOLTIPmobilise_unsullied;All Unsullied in your camps shall be mobilised\n;Tous les Immaculés de vos camps vont être mobilisés\n;;;;;;;;;;;;x
EVTOPTKSLAVERY2;[From.GetSheHe] shall stop breeding with [From.Spouse.GetFirstName];[From.GetSheHe] doit arrêter de se reproduire avec [From.Spouse.GetFirstName];;;;;;;;;;;;x
TOOLTIPslavery.107;[This.GetTitledFirstName] discovers your illegal slave trade;[This.GetTitledFirstName] découvre votre commerce illégal d'esclave;;;;;;;;;;;;x
TOOLTIPslavery.157;Your illegal slave trading is discovered, causing you to be seen as a tyrant\n;Votre trafic illégal d'esclave a été découvert, vous êtes désormais perçu comme un tyran\n;;;;;;;;;;;;x
EVTDESCSLAVERY157;Selling [From.GetTitledFirstName] [From.GetOnlyDynastyName] into slavery would always seem a questionable action, this is why you tried to keep it as discreet as possible. However, word soon spread that [From.GetFirstName] was on a ship bound for [From.Liege.Capital.GetName], and that you were responsible. Your subjects view this as illegal and objectionable.;Vendre [From.GetTitledFirstName] [From.GetOnlyDynastyName] comme esclave n'était pas une action des plus honorables, aussi avez-vous tenter de ne pas ébruiter l'affaire. Mais certains de vos sujets ont vu [From.GetFirstName] ligoté sur un navire en partance pour [From.Liege.Capital.GetName], et cette histoire s'est très rapidement diffusée. Vos sujets vous savent responsable et vous reprochent de ne pas respecter les lois.;;;;;;;;;;;;x
EVTOPTASLAVERY157;I care not what they think;Je me fiche de ce qu'ils pensent.;;;;;;;;;;;;x
EVTDESCSLAVERY158;[Root.PrimaryTitle.GetFOA], a great scandal has befallen [From.GetTitledFirstName] [From.GetOnlyDynastyName]. Proof has emerged that [From.GetSheHe] has sold [FromFrom.GetTitledFirstName] [FromFrom.GetOnlyDynastyName] into slavery, having been discovered on a slaver's ship bound for [FromFrom.Liege.Capital.GetName]. [From.GetHerHisCap] subjects are up in arms at this grave contravention of the laws of [From.PrimaryTitle.GetName].;[Root.PrimaryTitle.GetFOA], un grand scandale a éclaboussé l'honneur de [From.GetTitledFirstName] [From.GetOnlyDynastyName]. Il a été prouvé qu'[From.GetSheHe] a vendu [FromFrom.GetTitledFirstName] [FromFrom.GetOnlyDynastyName] comme esclave. On l'a retrouvé attaché sur un navire esclavagiste en partance pour [FromFrom.Liege.Capital.GetName]. Ses sujets sont révoltés par cette grave contravention aux lois de [From.PrimaryTitle.GetName].;;;;;;;;;;;;x
EVTOPTASLAVERY158;This will surely enrage many people;Cela va sûrement énerver de nombreuses personnes.;;;;;;;;;;;;x
EVTDESCSLAVERY910;Your [GetFromRelation] [From.GetTitledFirstName] is supposed to be in the custody of [FromFrom.GetTitledFirstName] [FromFrom.GetOnlyDynastyName], however reports from [FromFrom.Capital.GetName] suggest [From.GetSheHe] hasn't been seen there for many days and has seemingly disappeared. [FromFrom.GetTitledFirstName] claims to have no knowledge of what happened to [From.GetHerHim].;Votre [GetFromRelation] [From.GetTitledFirstName] est supposé être à la garde de [FromFrom.GetTitledFirstName] [FromFrom.GetOnlyDynastyName], mais d'après nos rapports de [FromFrom.Capital.GetName] [From.GetSheHe] semble ne pas avoir été vu depuis plusieurs jours et aurait disparu. [FromFrom.GetTitledFirstName] assure qu'[FromFrom.GetSheHe] ne sait pas ce qui a pu lui arriver.;;;;;;;;;;;;x
EVTOPTASLAVERY910;This seems a bit too convenient;Etrange... Un peu trop étrange...;;;;;;;;;;;;x
opinion_relative_suspicious_disappearance;Suspicious Disappearance of Relative;Disparition suspecte d'un parent;;;;;;;;;;;;x
opinion_enslaved_close_relative;Enslaved Close Relative;A asservi un parent proche;;;;;;;;;;;;x
EVTDESCSLAVERY2601;A petty gang of slavers has arrived in [Root.Location.GetName], and apparently they have a particularly large group of captives with them. They are looking for a buyer, and ask that you take them as your slaves for what they say is a very reasonable price.;Une petite bande d'esclavagistes sont arrivés à [Root.Location.GetName], et apparemment ils ont avec eux un groupe assez important de captifs. Ils cherchent quelqu'un pour les acheter et ils vous demandent si vous voulez prendre leurs esclaves pour un prix qu'ils qualifient de raisonnable.;;;;;;;;;;;;x
EVTOPTASLAVERY2601;Yes, they have a deal, send the slaves to my camps;Oui, je paie, qu'ils envoient les esclaves dans mes camps.;;;;;;;;;;;;x
EVTOPTBSLAVERY2601;This sorry selection is not worth my gold;Ce pauvre cheptel ne mérite pas que je dépense mon or pour lui.;;;;;;;;;;;;x
EVTOPTKSLAVERY2;She will make a fine salt wife;Elle fera une bonne femme-sel.;;;;;;;;;;;;x
TOOLTIPSLAVEILEGALSLAVERYWARNING;The selling of slaves is §RNOT LEGAL§! in [This.PrimaryTitle.GetName], and so if caught this action may have consequences.\n;La vente d'esclaves n'est §RPAS LEGAL§! à [This.PrimaryTitle.GetName], aussi si elle venait à être découverte, cette action peut avoir des conséquences.\n;;;;;;;;;;;;x
EVTOPTAslavery.1010;Slavery is illegal, have them all set free;L'esclavage est illégal, qu'on les libère tous.;;;;;;;;;;;;x
EVTDESCSLAVERY711;[Root.PrimaryTitle.GetFOA], we have received word from Astapor that a new batch of unsullied have completed their training and are ready to be sold. ;[Root.PrimaryTitle.GetFOA], nous avons reçu des nouvelles d'Astapor. Une nouvelle fournée d'Immaculés vient d'être terminée et est prête à être achetée.;;;;;;;;;;;;x
EVTOPTASLAVERY711;I shall make an offer to purchase them;Je vais faire une offre pour les acheter.;;;;;;;;;;;;x
EVTOPTBSLAVERY711;I will not buy any at this time, but keep me informed;Je ne vais pas en acheter maintenant, mais continuez de m'informer.;;;;;;;;;;;;x
EVTOPTCSLAVERY711;I am no longer interested in obtaining unsullied;Je ne suis plus intéressé par l'achat d'immaculés.;;;;;;;;;;;;x
eunuch_slave;Castrate Slave;;;;;;;;;;;;;x
eunuch_slave_desc;Have your slave [Root.GetFirstName] castrated and made a eunuch;;;;;;;;;;;;;x
buy_slave_offer;Make an Offer to Buy;Faire une offre pour acheter [FromFrom.GetFirstName];;;Hacer una oferta de compra a [FromFrom.GetFirstName];;;;;;;;;x
buy_slave_offer_desc;[Root.GetFirstName] [Root.GetOnlyDynastyName] is a slave, and an offer can be made to buy [Root.GetHerHim].;;;;;;;;;;;;;x
TOOLTIPEVTOPTE20800000;[This.GetTitledFirstName] will consider your offer to buy [FromFrom.GetFirstName];[This.GetTitledFirstName] va réfléchir à votre offre d'acheter [FromFrom.GetFirstName];;;[This.GetTitledFirstName] consideramos su oferta de comprar a [FromFrom.GetFirstName];;;;;;;;;x
close_slave_markets;Close your Slave Markets;;;;;;;;;;;;;x
close_slave_markets_desc;Close your markets to stop receiving offers or requests to buy slaves.;;;;;;;;;;;;;x
open_slave_markets;Re-open your Slave Markets;;;;;;;;;;;;;x
open_slave_markets_desc;Open your markets to start receiving offers or requests to buy slaves again.;;;;;;;;;;;;;x