#VIETmisc.9000.desc;I meet a local merchant during a banquet. He is somewhat elderly, and lived in China for many years as a young man. He is entertaining me with many tales of his experiences, but there was one person he spoke of who stood out to me. Specifically, the...;;;;;;;;;;;x
#VIETmisc.9000.a;Courtesan;;;;;;;;;;;;;x
#VIETmisc.9000.b;Poet;;;;;;;;;;;;;x
#VIETmisc.9000.c;Soldier;;;;;;;;;;;;;x
#VIETmisc.9000.d;Official;;;;;;;;;;;;;x
#VIETmisc.9001.tooltip; \n\n"Never have I met such a woman before. How many a man must have wished to take her as his wife or concubine! How many must have had their hearts broken.";;;;;;;;;;;x
#VIETmisc.9001.title;The Courtesan;;;;;;;;;;;x
#VIETmisc.9001.desc;She was beautiful and well-read, he said, but also quite brave and assertive, like a number of Chinese women he met. She could play polo just as well as any of the men, and was often found riding a horse. One time, the merchant recalls, with a smile on his face, she was singing for a party and a drunk patron insulted her music, so she proceeded to beat him up.\n\nShe had many suitors, but no one seemed to impress her enough. It was even rumored she refused to bed any man, no matter the price offered. The merchant says she was still unmarried - and proudly so - when he left China. He did hear that she finally settled on marrying a poor and humble scholar, who impressed her with his kind, intelligent, and courageous nature, but he doesn't know how true this is.;;;;;;;;;;;x
#VIETmisc.9001.a;An admirable gal! We need more women like her.;;;;;;;;;;;;;x
#VIETmisc.9001.b;I can't imagine how beautiful and enchanting she must have been.;;;;;;;;;;;;;x
#VIETmisc.9001.c;Such violent seductresses are a threat to society.;;;;;;;;;;;;;x
#VIETmisc.9002.tooltip; \n\n"A most ridiculous fellow in some ways, yet also, in a way, one of the wisest men I've ever met. Even now I think his poetry must have been divinely inspired.";;;;;;;;;;;x
#VIETmisc.9002.title;The Poet;;;;;;;;;;;x
#VIETmisc.9002.desc;He was an odd man, the merchant recalls. He eschewed the life of a government official even though he was considered one of the most brilliant men ever, and instead dedicated his life to writing poetry and always getting drunk.\n\nRumor has it that he recently died while he was drunk one night, and he mistook the moon for a beautiful woman - reaching out to the moon's reflection in a lake, he fell in and drowned. The merchant wouldn't be surprised if this rumor was true.;;;;;;;;;;;x
#VIETmisc.9002.a;A curious man indeed, but sometimes eccentricity makes better poetry.;;;;;;;;;;;;;x
#VIETmisc.9002.b;Poetry is overrated, especially by self-indulgent types like that man.;;;;;;;;;;;;;x
#VIETmisc.9003.tooltip; \n\n"It is a sad tale, but also another sign about how the ways of heaven are mysterious. A man can be at the top of the world one day, and the bottom the next - or vice versa.";;;;;;;;;;;x
#VIETmisc.9003.title;The Soldier;;;;;;;;;;;x
#VIETmisc.9003.desc;He was once a prestigious captain of the imperial guard, a loyal servant of the Emperor. But when a new Emperor came to power, he was framed as one of the accomplices behind an attempted coup.\n\nHe was extremely lucky to escape with his life, but he lost everything, and even his wife left him. When the merchant met him, the once respected guard was reduced to becoming an entertainer, showing off his martial skills in the market for money.;;;;;;;;;;;x
#VIETmisc.9003.a;How the mighty fall. A sad story.;;;;;;;;;;;;;x
#VIETmisc.9004.tooltip; \n\n"I have always heard of stories about Chinese officials who were loyal to their masters, sometimes to death.";;;;;;;;;;;x
#VIETmisc.9004.title;The Official;;;;;;;;;;;x
#VIETmisc.9004.desc;He was a righteous official who served a governor who was a debauched young man. He did not deserve the title, but inherited the position from his father thanks to corruption. He was obsessed with Iranian women, as many foreigners lived in his city. He kept many in his harem whom he spent day and night copulating with, and he also wasted money on aphrodisiacs and herbs to extend his sexual prowess.\n\nThe official tried to dissuade his master to no avail and the governor was killed by a jilted concubine. This official escaped to live the life of a commoner, where he met the merchant. The merchant adds that the official always disliked Persian women after that.;;;;;;;;;;;x
#VIETmisc.9004.a;The man must feel bitter about life, but at least he didn't die.;;;;;;;;;;;;;x
#VIETmisc.9004.b;I am interested in hearing about the governor's harem...;;;;;;;;;;;;;x
#VIETmisc.9005.desc;xxxxx;;;;;;;;;;;x
#VIETmisc.9005.a;Xxxxxxffff;;;;;;;;;;;;;x
#VIETmisc.9006.desc;xxxxx;;;;;;;;;;;x
#VIETmisc.9006.a;Xxxxxxffff;;;;;;;;;;;;;x
#VIETmisc.9007.desc;xxxxx;;;;;;;;;;;x
#VIETmisc.9007.a;Xxxxxxffff;;;;;;;;;;;;;x
#VIETmisc.9008.desc;xxxxx;;;;;;;;;;;x
#VIETmisc.9008.a;Xxxxxxffff;;;;;;;;;;;;;x
#VIETmisc.9009.desc;xxxxx;;;;;;;;;;;x
#VIETmisc.9009.a;Xxxxxxffff;;;;;;;;;;;;;x
VIETmisc.9010.desc;I meet a local merchant during a banquet. He is somewhat elderly, and lived in China for many years as a young man. He is entertaining me with many tales of his experiences, but there was one person he spoke of who stood out to me. Specifically, the...;Je rencontre un commerçant local lors d'un banquet. Il est un peu âgé et a passé de nombreuses années en Chine quand il était jeune. Il me divertit avec de nombreux récits de ses expériences, mais il a parlé d'une personne qui m'a marqué. Plus précisément, le ...;;;;;;;;;;x;x
VIETmisc.9010.a;Courtesan;Une courtisane;;;;;;;;;;;;x
VIETmisc.9010.b;Poet;Un poète;;;;;;;;;;;;x
VIETmisc.9010.c;Soldier;Un soldat;;;;;;;;;;;;x
VIETmisc.9010.d;Official;Un officiel;;;;;;;;;;;;x
VIETmisc.9011.tooltip; \n\n"Never have I met such a woman before. How many a man must have wished to take her as his wife or concubine! How many must have had their hearts broken."; \n\n"Je n'avais jamais rencontré une telle femme auparavant. Combien d'hommes ont dû souhaiter la prendre pour épouse ou concubine ! Combien ont dû avoir le cœur brisé ?";;;;;;;;;;x;x
VIETmisc.9011.title;The Courtesan;La courtisane;;;;;;;;;;x;x
VIETmisc.9011.desc;She was beautiful and well-read, he said, but also quite brave and assertive, like a number of Chinese women he met. She could play polo just as well as any of the men, and was often found riding a horse. One time, the merchant recalls, with a smile on his face, she was singing for a party and a drunk patron insulted her music, so she proceeded to beat him up.\n\nShe had many suitors, but no one seemed to impress her enough. It was even rumored she refused to bed any man, no matter the price offered. The merchant says she was still unmarried - and proudly so - when he left China. He did hear that she finally settled on marrying a poor and humble scholar, who impressed her with his kind, intelligent, and courageous nature, but he doesn't know how true this is.;Elle était belle et bien lue, dit-il, mais aussi tout à fait courageuse et affirmée, à l'instar d'un certain nombre de femmes chinoises qu'il a rencontrées. Elle pouvait jouer au polo aussi bien que n'importe quel homme et était souvent trouvée à cheval. Une fois, la marchande se souvient qu'elle souriait, elle chantait pour une fête et un client saoul a insulté sa musique, alors elle a commencé à le rouer de coups.\n\nElle avait beaucoup de prétendants, mais personne ne semblait l'impressionner. On a même dit qu'elle refusait de coucher avec n'importe quel homme, peu importe le prix offert. Le marchand dit qu'elle était toujours célibataire - et fière de l'être - quand il a quitté la Chine. Il a entendu dire qu'elle avait finalement décidé d'épouser un pauvre et humble érudit, qui l'impressionnait par sa nature gentille, intelligente et courageuse, mais il ne savait pas à quel point cela était vrai.;;;;;;;;;;x;x
VIETmisc.9011.a;An admirable gal! We need more women like her.;Une fille admirable ! Nous avons besoin de plus de femmes comme elle.;;;;;;;;;;;;x
VIETmisc.9011.b;I can't imagine how beautiful and enchanting she must have been.;Je ne peux pas imaginer à quel point elle devait être belle et enchanteresse.;;;;;;;;;;;;x
VIETmisc.9011.c;Such violent seductresses are a threat to society.;Ces séductrices violentes constituent une menace pour la société.;;;;;;;;;;;;x
VIETmisc.9012.tooltip; \n\n"A most ridiculous fellow in some ways, yet also, in a way, one of the wisest men I've ever met. Even now I think his poetry must have been divinely inspired."; \n\n"Un type des plus ridicules à certains égards, mais aussi, en un sens, l'un des hommes les plus sages que je n'ai jamais rencontré. Même maintenant, je pense que sa poésie a dû être divinement inspirée.";;;;;;;;;;x;x
VIETmisc.9012.title;The Poet;Le poète;;;;;;;;;;x;x
VIETmisc.9012.desc;He was an odd man, the merchant recalls. He eschewed the life of a government official even though he was considered one of the most brilliant men ever, and instead dedicated his life to writing poetry and always getting drunk.\n\nRumor has it that he recently died while he was drunk one night, and he mistook the moon for a beautiful woman - reaching out to the moon's reflection in a lake, he fell in and drowned. The merchant wouldn't be surprised if this rumor was true.;C'était un homme étrange, se souvient le marchand. Il a évité la vie d'un responsable gouvernemental alors qu'il était considéré comme l'un des hommes les plus brillants jamais vu. Il a plutôt consacré sa vie à écrire de la poésie et à se saouler.\n\nLa rumeur raconte qu'il est récemment décédé alors qu'il était saoul une nuit. Il a confondu la lune avec une belle femme - tendant la main au reflet de la lune dans un lac, il est tombé dedans et s'est noyé. Le marchand ne serait pas surpris si cette rumeur était vraie.;;;;;;;;;;x;x
VIETmisc.9012.a;A curious man indeed, but sometimes eccentricity makes better poetry.;Un homme curieux certes, mais parfois l'excentricité rend la poésie meilleure.;;;;;;;;;;;;x
VIETmisc.9012.b;Poetry is overrated, especially by self-indulgent types like that man.;La poésie est surestimée, en particulier par les types indulgents comme cet homme.;;;;;;;;;;;;x
VIETmisc.9013.tooltip; \n\n"It is a sad tale, but also another sign about how the ways of heaven are mysterious. A man can be at the top of the world one day, and the bottom the next - or vice versa."; \n\n"C'est une histoire triste, mais aussi un autre signe révélant à quel point les voies du ciel sont mystérieuses. Un homme peut être au sommet du monde un jour et en bas le lendemain - ou vice versa.";;;;;;;;;;x;x
VIETmisc.9013.title;The Soldier;Le soldat;;;;;;;;;;x;x
VIETmisc.9013.desc;He was once a prestigious captain of the imperial guard, a loyal servant of the Emperor. But when a new Emperor came to power, he was framed as one of the accomplices behind an attempted coup.\n\nHe was extremely lucky to escape with his life, but he lost everything, and even his wife left him. When the merchant met him, the once respected guard was reduced to becoming an entertainer, showing off his martial skills in the market for money.;Il était autrefois un capitaine prestigieux de la garde impériale, un fidèle serviteur de l'Empereur. Mais quand un nouvel Empereur est arrivé au pouvoir, il a été présenté comme l'un des complices de la tentative de coup d'État.\n\nIl a eu beaucoup de chance de pouvoir échapper à la mort, mais il a tout perdu et même sa femme l'a quitté. Lorsque le marchand l'a rencontré, la garde autrefois respectée a été réduite à devenir une artiste de spectacle, montrant ses compétences martiales sur le marché pour de l'argent.;;;;;;;;;;x;x
VIETmisc.9013.a;How the mighty fall. A sad story.;Comment les puissants tombent. Une histoire triste.;;;;;;;;;;;;x
VIETmisc.9014.tooltip; \n\n"I have always heard of stories about Chinese officials who were loyal to their masters, sometimes to death."; \n\n"J'ai toujours entendu parler d'histoires de fonctionnaires chinois fidèles à leurs maîtres, parfois jusqu'à la mort.";;;;;;;;;;x;x
VIETmisc.9014.title;The Official;L'officiel;;;;;;;;;;x;x
VIETmisc.9014.desc;He was a righteous official who served a governor who was a debauched young man. He did not deserve the title, but inherited the position from his father thanks to corruption. He was obsessed with Iranian women, as many foreigners lived in his city. He kept many in his harem whom he spent day and night copulating with, and he also wasted money on aphrodisiacs and herbs to extend his sexual prowess.\n\nThe official tried to dissuade his master to no avail and the governor was killed by a jilted concubine. This official escaped to live the life of a commoner, where he met the merchant. The merchant adds that the official always disliked Persian women after that.;Il était un fonctionnaire juste qui servait un gouverneur qui était un jeune homme débauché. Il ne méritait pas le titre, mais héritait de la position de son père grâce à la corruption. Il était obsédé par les femmes iraniennes, car de nombreux étrangers vivaient dans sa ville. Il en garda beaucoup dans son harem avec lequel il passait jour et nuit à s'accoupler. Il gaspilla également de l'argent en aphrodisiaques et en herbes pour étendre ses prouesses sexuelles.\n\nL'officiel essaya de dissuader son maître en vain et le gouverneur fut tué par une concubine abandonnée. Cet officiel s'est échappé pour vivre la vie d'un roturier, où il a rencontré le marchand. Le marchand ajoute que le l'officiel a toujours détesté les femmes persanes après cela.;;;;;;;;;;x;x
VIETmisc.9014.a;The man must feel bitter about life, but at least he didn't die.;L'homme doit se sentir amer face à la vie, mais au moins il n'est pas mort.;;;;;;;;;;;;x
VIETmisc.9014.b;I am interested in hearing about the governor's harem...;Je suis intéressé à entendre parler du harem du gouverneur ...;;;;;;;;;;;;x
VIETmisc.9015.tooltip;xxxxx;;;;;;;;;;;x
VIETmisc.9015.title;The Prisoner;Le prisonnier;;;;;;;;;;x;x
VIETmisc.9015.desc;I am in the realm of dreams, floating through colors and sounds my consciousness cannot comprehend. After some amount of time - a second, an hour, centuries, I cannot tell - I find myself as a prisoner in a dark dungeon. I hear nothing but the dripping of water, and the snide taunts from another prisoner in another jail cell far, far away.;Je suis dans le royaume des rêves, flottant à travers les couleurs et les sons que ma conscience ne peut pas comprendre. Après un certain laps de temps - une seconde, une heure, des siècles, je ne peux pas dire - je me retrouve prisonnier dans un cachot sombre. Je n'entends rien d'autre que des gouttes d'eau et les sarcasmes d'un autre prisonnier dans une autre cellule de prison très éloignée.;;;;;;;;;;x;x
VIETmisc.9015.a;Where am I... who am I?;Où suis-je... qui suis-je ?;;;;;;;;;;;;x
VIETmisc.9016.tooltip;Wait - what's that noise?;Attendez - quel est ce bruit ?;;;;;;;;;;x;x
VIETmisc.9016.title;Confusion;Confusion;;;;;;;;;;x;x
VIETmisc.9016.desc;Several people suddenly enter the cell. Most are heavily armed, guards of some sort. The odd one out is an elderly man, dressed in regal clothing. They are all surprised to see me in the cell, but after the initial shock tell me to keep your distance, and I wisely step back.\n\nThe old man gazes upon me, his eyes pensive and wise. His voice is deep and comforting as he exclaims, "You... I've seen you! Let me see your face.";Plusieurs personnes entrent soudainement dans la cellule. La plupart sont lourdement armés, des gardes en quelque sorte. L'étrange est un homme âgé, vêtu de vêtements royaux. Ils sont tous surpris de me voir dans la cellule, mais après le choc initial, ils me disent de garder mes distances et je me recule sagement. Le vieil homme me regarde, ses yeux pensifs et sages. Sa voix est profonde et réconfortante alors qu'il s'écrie : "Vous... je vous ai vu ! Laissez-moi voir votre visage.";;;;;;;;;;x;x
VIETmisc.9016.a;What's going on?;Que se passe-t-il ?;;;;;;;;;;;;x
VIETmisc.9017.tooltip;He examines me for a moment or two, before a sudden, sad look overtakes him.;Il m'examine un instant ou deux avant qu'un soudain regard triste ne le rattrape.;;;;;;;;;;x;x
VIETmisc.9017.title;Fate Calling;Le destin appelle;;;;;;;;;;x;x
VIETmisc.9017.desc;"You are the one from my dreams! Then the stars were right, and this is the day. [Root.Religion.GetHighGodName] give me strength." He sighs, and he explains when I look confused, "Assassins attacked my sons, and I'm next. My guards are leading me out of the city along a secret escape route. By chance, the entrance to that escape route leads through your cell.";"Vous êtes celui de mes rêves ! Alors les étoiles avaient raison, et c'est le jour. [Root.Religion.GetHighGodName] donnez-moi de la force." Il soupira et expliqua lorsque je semblai confus : "Des assassins ont attaqué mes fils et je suis le suivant. Mes gardes me conduisent hors de la ville par une voie d'évacuation secrète. Par chance, l'entrée de cette issue de secours passe par votre cellule.";;;;;;;;;;x;x
VIETmisc.9017.a;Why am I in jail?;Pourquoi suis-je en prison ?;;;;;;;;;;;;x
VIETmisc.9018.tooltip;I am not a lowly prisoner!;Je ne suis pas un prisonnier humble !;;;;;;;;;;x;x
VIETmisc.9018.title;The Emperor;L'empereur;;;;;;;;;;x;x
VIETmisc.9018.desc;"Perhaps [Root.Religion.GetHighGodName] placed you here so that we may meet. As for what you have done... it does not matter. That is not what you will be remembered for." He realizes his rudeness, and introduces himself. "I am the Emperor of this realm. By the grace of [Root.Religion.GetHighGodName], I serve this realm as her ruler. You, too, shall serve her in your own way."\n\nHis guards plead him to get moving, and he agrees, as long as I accompany him through the secret escape route.;"Peut-être que [Root.Religion.GetHighGodName] vous a placé ici pour que nous puissions nous rencontrer. Quant à ce que vous avez fait... peu importe. Ce n'est pas pour cela qu'on se souviendra de vous." Il réalise son impolitesse et se présente. "Je suis l'Empereur de ce royaume. Par la grâce de [Root.Religion.GetHighGodName], je sers ce royaume comme son souverain. Vous aussi, le servirez à votre façon."\n\nSes gardes le supplient de bouger, et il accepte, tant que je l'accompagne dans la voie de la fuite secrète.;;;;;;;;;;x;x
VIETmisc.9018.a;I have no other option. At least this ‘Emperor' seems wise and benevolent.;Je n'ai pas d'autre choix. Au moins, cet 'Empereur' semble sage et bienveillant.;;;;;;;;;;;;x
VIETmisc.9019.tooltip;I follow him and his guards through dark tunnels. The atmosphere is unsurprisingly tense.;Je le suis et ses gardes à travers des tunnels sombres. L'atmosphère est sans surprise tendue.;;;;;;;;;;x;x
VIETmisc.9019.title;Trust in Fate;Confiance dans le destin;;;;;;;;;;x;x
VIETmisc.9019.desc;The guards don't seem to trust me as we travel through the dimly lit tunnels and sewers, but I don't blame them. The Emperor tells me, "They cannot understand why I trust you. They've not seen what I've seen. How can I explain? Listen. You know [Root.Religion.GetHighGodName]? How our fates are guided with an invisible hand by [Root.Religion.GetHighGodName]?";Les gardes ne semblent pas me faire confiance alors que nous empruntons les tunnels et les égouts faiblement éclairés, mais je ne les en blâme pas. L'Empereur me dit : "Ils ne peuvent pas comprendre pourquoi je vous fais confiance. Ils n'ont pas vu ce que j'ai vu. Comment puis-je expliquer ? Écoutez. Vous connaissez [Root.Religion.GetHighGodName] ? Comment notre destin est-il guidé d'une main invisible par [Root.Religion.GetHighGodName] ? ";;;;;;;;;;x;x
VIETmisc.9019.a;[Root.Religion.GetHighGodName] guides and protects us.;[Root.Religion.GetHighGodName] nous guide et nous protège.;;;;;;;;;;;;x
VIETmisc.9019.b;I'm not on good terms with [Root.Religion.GetHighGodName].;Je ne suis pas en bons termes avec [Root.Religion.GetHighGodName].;;;;;;;;;;;;x
VIETmisc.9019.c;I don't know. I don't think about it.;Je ne sais pas. Je n'y pense pas.;;;;;;;;;;;;x
VIETmisc.9020.tooltip; \n\nHe smiles gently at my answer as if he knows the truth.; \n\nIl sourit gentiment à ma réponse comme s'il connaissait la vérité.;;;;;;;;;;x;x
VIETmisc.9020.title;Sky Above, Voice Within;Ciel en Haut, Voix à l'Intérieur;;;;;;;;;;x;x
VIETmisc.9020.desc;"I've served [Root.Religion.GetHighGodName] all my days," he explains, "and I chart my course by the cycles of the heavens. The skies are marked with numberless sparks, each a fire, and every one a sign. The signs I read show the end of my path. My death, a necessary end, will come when it will come.";"J'ai servi [Root.Religion.GetHighGodName] tous mes jours", explique-t-il, "et je trace mon parcours en fonction des cycles du ciel. Les cieux sont marqués par d'innombrables étincelles, un feu et un signe. Les signes que je lis indiquent la fin de mon chemin. Ma mort, une fin nécessaire, viendra quand elle viendra.";;;;;;;;;;x;x
VIETmisc.9020.a;Aren't you afraid to die?;Tu n'as pas peur de mourir ?;;;;;;;;;;;;x
VIETmisc.9021.tooltip;His gentle smile becomes a little melancholy again. Up ahead, his guards check to see if the coast is clear.;Son doux sourire redevient un peu mélancolique. En avant, ses gardes vérifient si la côte est dégagée.;;;;;;;;;;x;x
VIETmisc.9021.title;Flesh and Blood;Chair et sang;;;;;;;;;;x;x
VIETmisc.9021.desc;The flicker of a nearby torch distracts me for a moment, as he contemplates his answer. Eventually, he says, "No trophies of my triumphs precede me. But I have lived well, and my ghost shall rest easy. Men are but flesh and blood. They know their doom, but not the hour. In this I am blessed to see the hour of my death... To face my apportioned fate, then fall."\n\nAn... interesting way to put it. I decide to ask him another question.;Le scintillement d'une torche à proximité me distrait un instant alors qu'il contemple sa réponse. Finalement, il dit : "Aucun trophée de mes triomphes ne me précède. Mais j'ai bien vécu et mon fantôme sera tranquille. Les hommes ne sont que chair et sang. Ils connaissent leur destin, mais pas l'heure. En cela, je suis béni de voir l'heure de ma mort ... Pour faire face à mon destin, puis tombe."\n\nUn ... moyen intéressant de le dire. Je décide de lui poser une autre question.;;;;;;;;;;x;x
VIETmisc.9021.a;Where are we going, by the way?;Où allons-nous, au fait ?;;;;;;;;;;;;x
VIETmisc.9022.tooltip;He gazes ahead, a distant look in his eyes.;Il regarde devant lui, un regard lointain dans les yeux.;;;;;;;;;;x;x
VIETmisc.9022.title;A Shrill Tongue;Une langue maigre;;;;;;;;;;x;x
VIETmisc.9022.desc;"I go to my grave," he says without any sign of fear. "A tongue shriller than all the music calls me. You shall follow me yet for a while, then we must part."\n\nWe continue a little longer, until a scuffle is heard up ahead. It's a trap! One of the guards gives me a sword and tells me, "Take my spare blade! Protect the Emperor with your life!";"Je vais sur ma tombe", dit-il sans aucun signe de peur. "Une langue plus sensible que toute la musique m'appelle. Vous allez me suivre encore un moment, puis nous devrons nous séparer."\n\nNous continuons encore un peu, jusqu'à ce qu'une bagarre se fasse entendre. C'est un piège ! Un des gardes me donne une épée et me dit : "Prenez ma lame de rechange ! Protégez l'Empereur de votre vie !";;;;;;;;;;x;x
VIETmisc.9022.a;Wait! Wait!;Attendez ! Attendez !;;;;;;;;;;;;x
VIETmisc.9023.tooltip;The guard rushes off to join his comrades as several assassins enter the tunnel some distance ahead, seemingly out of nowhere. I steady my sword, and look around, making sure no one comes close to the Emperor.;Le garde se précipite pour rejoindre ses camarades alors que plusieurs assassins entrent dans le tunnel à une certaine distance, semblant sortir de nulle part. Je tiens mon épée et regarde autour de moi pour m'assurer que personne ne s'approche de l'Empereur.;;;;;;;;;;x;x
VIETmisc.9023.title;Jaws of Oblivion;Mâchoires de l'oubli;;;;;;;;;;x;x
VIETmisc.9023.desc;The Emperor looks upon me with urgency. "I can go no further. My guards are strong and true, but even their might cannot stand against the power that rises to destroy all reality. An ancient evil awakes, born anew in blood and fire. These cutthroats are but its mortal pawns. They must not have my amulet! Take the Amulet. Give it to my old chief advisor. He alone knows where to find my last son. Find him, and close shut the marbled gates to hell."\n\nHe takes the amulet off and solemnly hands it over.;L'Empereur me regarde avec urgence. "Je ne peux pas aller plus loin. Mes gardes sont forts et vrais, mais même leur puissance ne peut résister au pouvoir qui se lève pour détruire toute réalité. Un ancien mal s'éveille, né de nouveau dans le sang et le feu. Ces églantiers ne sont que ses pions mortels. Ils ne doivent pas avoir mon amulette ! Prenez l'Amulette. Donnez-la à mon ancien conseiller en chef. Lui seul sait où trouver mon dernier fils. Trouvez-le et fermez les portes en marbre de l'enfer."\n\nIl enlève l'amulette et vous la donne solennellement.;;;;;;;;;;x;x
VIETmisc.9023.a;With all my heart, farewell!;De tout mon cœur, adieu !;;;;;;;;;;;;x
VIETmisc.9023.b;I won't forget you.;Je ne t'oublierai pas.;;;;;;;;;;;;x
VIETmisc.9023.c;I'll take it from here!;Je vais la prendre d'ici !;;;;;;;;;;;;x
VIETmisc.9024.tooltip.a; \n\n"Stand true, my friend. May your heart be your guide and [Root.Religion.GetHighGodName] grant you strength."; \n\n"Tiens-toi fidèle, mon ami. Que ton cœur soit ton guide et que [Root.Religion.GetHighGodName] te donne de la force.";;;;;;;;;;x;x
VIETmisc.9024.tooltip.b; \n\n"Remember me, and remember my words. This burden is now yours alone. You hold our future in your hands."; \n\n"Souviens-toi de moi et de mes paroles. Ce fardeau est maintenant à vous seul. Vous tenez notre avenir entre vos mains.";;;;;;;;;;x;x
VIETmisc.9024.tooltip.c; \n\n"Then go. Take with you my blessings and the hope of the empire."; \n\n"Alors allez-y. Emportez avec vous mes bénédictions et l'espoir de l'empire.";;;;;;;;;;x;x
VIETmisc.9024.title;Life and Death;Vie et mort;;;;;;;;;;x;x
VIETmisc.9024.desc;An assassin appears as if out of thin air, and it is too late for me to react as he strikes the Emperor down. Time seems to stand still as the assassin looks at me through his red hood and black mask. He lunges at me, but I land a fatal blow to the scoundrel.\n\nI look around. Though all the assassins are dead, only one guard survived, a young man with a serious but friendly face.;Un assassin apparaît comme sorti de nulle part et il est trop tard pour que je réagisse alors qu'il frappe l'Empereur. Le temps semble s'être arrêté alors que l'assassin me regarde à travers son capuchon rouge et son masque noir. Il se jette sur moi, mais je porte un coup fatal au scélérat.\n\nJe regarde autour de moi. Bien que tous les assassins soient morts, un seul garde a survécu, un jeune homme au visage sérieux mais amical.;;;;;;;;;;x;x
VIETmisc.9024.a;His expression changes as he sees the Emperor's body.;Son expression change à mesure qu'il aperçoit le corps de l'Empereur.;;;;;;;;;;;;x
VIETmisc.9025.tooltip;He approaches me, his face full of grief and disbelief.;Il s'approche de moi, le visage rempli de chagrin et d'incrédulité.;;;;;;;;;;x;x
VIETmisc.9025.title;Hope?;Espérer ?;;;;;;;;;;x;x
VIETmisc.9025.desc;"We've failed. I've... failed," the guard laments. "We are sworn to protect the Emperor, and now he and all his heirs are dead. Wait.... The Amulet, where is the Emperor's amulet? It isn't on the Emperor's body."\n\n I show the guard the amulet, and tell him that Emperor gave it to me before he died. He says the Emperor must've given me the amulet for a purpose, one beyond our understanding.;"Nous avons échoué. J'ai... échoué", se lamente le garde. "Nous avons juré de protéger l'Empereur et maintenant, lui et tous ses héritiers sont morts. Attendez.... L'Amulette, où se trouve l'amulette de l'Empereur ? Ce n'est pas sur le corps de l'Empereur."\n\nJe montre l'amulette au garde et je lui dis que l'Empereur me l'a donnée avant sa mort. Il dit que l'Empereur a dû me donner l'amulette dans un but qui dépasse notre entendement.;;;;;;;;;;x;x
VIETmisc.9025.a;I must take it to his old advisor, who knows about the his last heir.;Je dois en parler à son ancien conseiller, qui est au courant de son dernier héritier.;;;;;;;;;;;;x
VIETmisc.9026.tooltip;The guard looks puzzled.;Le garde a l'air perplexe.;;;;;;;;;;x;x
VIETmisc.9026.title;Splitting Up;Se séparer;;;;;;;;;;x;x
VIETmisc.9026.desc;The guard says he never heard about such an heir, but if anyone would know, it's the old advisor who currently lives a quiet life in a temple far from here. He tells me to immediately seek out this old advisor, while he will stay here to guard the Emperor's body. It is best we split up, it seems, if we are to elude these dangerous assassins, and traveling alone would draw less attention. The guardsman seemed to emphasize that time was of the essence and that I must reach this old advisor as soon as possible.;Le garde a déclaré qu'il n'avait jamais entendu parler d'un tel héritier, mais si quelqu'un a une information, c'est le vieux conseiller qui vit actuellement dans un temple loin d'ici. Il me dit de chercher immédiatement cet ancien conseiller, pendant qu'il restera ici pour garder le corps de l'Empereur. Il semble préférable de nous séparer, semble-t-il, si nous voulons échapper à ces dangereux assassins, et voyager seul attirerait moins l'attention. Le garde semblait insister sur le fait que le temps était compté et que je devais contacter ce vieux conseiller le plus rapidement possible.;;;;;;;;;;x;x
VIETmisc.9026.a;How do I get there though?;Mais comment puis-je m'y rendre ?;;;;;;;;;;;;x
VIETmisc.9027.tooltip;He gives me directions on how to leave the secret tunnels, and a map to help me find my way to the aforementioned temple.;Il me donne des instructions sur la façon de quitter les tunnels secrets et une carte pour m'aider à me rendre au temple susmentionné.;;;;;;;;;;x;x
VIETmisc.9027.title;Freedom;Liberté;;;;;;;;;;x;x
VIETmisc.9027.desc;I follow the young guardsman's directions and, after what seems like hours, emerge at the end of the tunnel. I shield my eyes from the sun's glare as I emerge from the sewer exit, and am greeted with a most amazing sight. Before me is a beautiful, pastoral landscape, green and lush, and up ahead across a body of water are some ancient ruins.;Je suis les instructions du jeune gardien et, après ce qui semble être des heures, j'émerge au bout du tunnel. Je protège mes yeux de la lumière du soleil lorsque je sors de la sortie des égouts et je suis accueilli avec un spectacle des plus étonnants. Devant moi se trouve un beau paysage pastoral, vert et luxuriant, et au-dessus d'un plan d'eau, quelques ruines antiques.;;;;;;;;;;x;x
VIETmisc.9027.a;Which direction should I head?;Dans quelle direction dois-je me diriger ?;;;;;;;;;;;;x
VIETmisc.9028.tooltip;The adventure begins....;L'aventure commence....;;;;;;;;;;x;x
VIETmisc.9028.title;Oblivion of Dreams;L'oubli des rêves;;;;;;;;;;x;x
VIETmisc.9028.desc;The dream passes by like a blur. I rescue the Emperor's last heir, just as [Root.Religion.GetRandomEvilGodName] invades the world with demonic forces. Together with the Prince and other allies, we manage to figure out a way to defeat the hellish hordes and expel them from this world, though it comes at a price, as the Prince sacrifices his life in the end. Still, we triumph, and as I wake up from the dream, I feel a feeling of bittersweetness.\n\nWas it really a dream? It felt so real, like another universe out there.;Le rêve passe comme un flou. Je sauve le dernier héritier de l'Empereur, tout comme [Root.Religion.GetRandomEvilGodName] envahit le monde avec des forces démoniaques. Avec le Prince et d'autres alliés, nous parvenons à trouver un moyen de vaincre les hordes infernales et de les expulser de ce monde, même si cela a un prix, car le Prince finit par sacrifier sa vie. Malgré tout, nous triomphons et, à mon réveil, je ressens un sentiment doux-amer.\n\nEst-ce vraiment un rêve ? C'était tellement réel, comme un autre univers là-bas.;;;;;;;;;;x;x
VIETmisc.9028.a;I must write down as much as I can!;Je dois écrire autant que je peux !;;;;;;;;;;;;x
VIETmisc.9029.tooltip;xxxxx;;;;;;;;;;;x
VIETmisc.9029.title;Oblivion of Dreams;Oubli des rêves;;;;;;;;;;x;x
VIETmisc.9029.desc;The horizons of your dream expand into an entire lifetime of roaming the idyllic countryside, slaying beasts and bandits, raiding ancient ruins, and getting involved with the locals and aiding them where possible for fortune and fame. You even become intertwined in multiple guilds and master their arts of combat, sorcery, and guile.\n\nYou awaken in a sweat, contemplating the breadth of this incredible epic you dreamt of. As you write down everything you remember, recalling with shocking clarity the fanciful details of this otherworldly existence, it suddenly strikes you that in all those years, you never did do as the long dead Emperor requested and bring his enchanted jewelry to his associate.;Les horizons de votre rêve se développent en une vie entière d'errance dans la campagne idyllique, de tuer des bêtes et des bandits, de piller des ruines antiques et de s'impliquer avec les habitants et de les aider si possible pour la fortune et la gloire. Vous devenez même entrelacé dans plusieurs guildes et maîtrisez leurs arts de combat, de sorcellerie et de ruse. \n\nVous vous réveillez en sueur, contemplant l'ampleur de cette incroyable épopée dont vous avez rêvé. Alors que vous écrivez tout ce dont vous vous souvenez, rappelant avec une clarté choquante les détails fantaisistes de cette existence d'un autre monde, il vous frappe soudainement que pendant toutes ces années, vous n'avez jamais fait comme l'avait demandé l'Empereur mort depuis longtemps d'apporter ses bijoux enchantés à son associé.;;;;;;;;;;x;x
VIETmisc.9029.a;How is anyone supposed to rely on me?;Comment quelqu'un peut-il compter sur moi ?;;;;;;;;;;;;x
VIETmisc.9029.b;I must make every effort to fulfill my oaths.;Je dois faire tout mon possible pour remplir mes serments.;;;;;;;;;;;;x
VIETmisc.9029.c;That was just a pleasant dream!;C'était juste un rêve agréable !;;;;;;;;;;;;x
VIETmisc.9030.tooltip;xxxxx;;;;;;;;;;;x
VIETmisc.9030.title;xxxxx;;;;;;;;;;;x
VIETmisc.9030.desc;I have an elderly servant I am deeply attached to. For many years, [Root.GetSheHeOpp] has served me loyally without complaint, and put up with all me - if there is anyone I cannot bear to be cruel to, it is this [Root.GetManWomanOpp] who has become like a beloved older relative. But for the past few weeks, [Root.GetSheHeOpp] has been on [Root.GetHerHisOpp] deathbed, barely conscious, muttering strange things, and refusing food and drink.;J'ai un serviteur âgé auquel je suis profondément attaché. Pendant de nombreuses années, [Root.GetSheHeOpp] m'a servie loyalement sans se plaindre et m'a supporté tout entier - s'il y a quelqu'un avec qui je ne supporte pas d'être cruel, c'est bien ce serviteur qui est devenu comme un parent âgé bien-aimé. Mais depuis quelques semaines, [Root.GetSheHeOpp] est sur son lit de mort, à peine conscient, murmurant des choses étranges et refusant de manger et de boire.;;;;;;;;;;x;x
VIETmisc.9030.a;We keep a vigil day and night.;Nous veillons jour et nuit.;;;;;;;;;;;;x
VIETmisc.9031.tooltip; \n\nEveryone knows it is only a matter of time before [Root.GetSheHeOpp] passes away.; \n\nTout le monde sait que ce n'est qu'une question de temps avant que [Root.GetSheHeOpp] ne décède.;;;;;;;;;;x;x
VIETmisc.9031.title;Awake;Réveillez-vous;;;;;;;;;;x;x
VIETmisc.9031.desc;One morning, I am chanting a few prayers quietly to myself for my servant's soul along with a few others in our household, when I get a little tired and decide to sit down next to [Root.GetHerHisOpp]. I reach out and hold [Root.GetHerHisOpp] hand - yet, as I do so, a miracle happens! [Root.GetSheHeCapOpp] opens [Root.GetHerHisOpp] eyes and looks around, as if trying to make sense of [Root.GetHerHisOpp] surroundings. The moment [Root.GetSheHeOpp] gazes at me, however, a look of utter happiness and deep love spreads across [Root.GetHerHisOpp] face.;Un matin, je me chante tranquillement quelques prières pour l'âme de mon serviteur avec quelques autres membres de notre famille, quand je suis un peu fatigué et que je décide de m'asseoir à côté de lui. Je lui prends la main et je la tiens - et pourtant, alors que je le fais, un miracle se produit ! Il ouvre les yeux de et regarde autour de lui, comme s'il essayait de donner un sens à l'environnement. Au moment où [Root.GetSheHisOpp] me regarde, un regard de bonheur total et d'amour profond se répand sur son visage.;;;;;;;;;;x;x
VIETmisc.9031.a;"How are you feeling?" I say. "It's fine, don't worry. I'm here.";"Comment vous sentez-vous ?" Je réponds. "Ça va, ne vous inquiétez pas. Je suis là.";;;;;;;;;;;;x
VIETmisc.9032.tooltip; \n\n[Root.GetSheHeCapOpp] stares at me for a few moments, before slowly reaching forward and gently cradling my face with [Root.GetHerHisOpp] hands.; \n\n[Root.GetSheHeCapOpp] me regarde pendant quelques instants, avant de s'avancer lentement et de me bercer doucement le visage avec ses mains.;;;;;;;;;;x;x
VIETmisc.9032.title;Love;Amour;;;;;;;;;;x;x
VIETmisc.9032.desc;"[Root.GetFirstName]... [Root.GetFirstName]! You're [Root.GetFirstName] from next door! You're back! But how.... I'm so sorry, I'm so sorry I couldn't do enough. I'm so sorry, I'm so sorry. Please forgive me."\n\nThough stunned and confused at [Root.GetHerHisOpp] outburst, I tell [Root.GetHerHimOpp], "It's alright. Don't blame yourself for something you didn't do. I'll be here for you."\n\n[Root.GetSheHeCapOpp] beams at me with joy, whispering, "I love you," before lying back down and closing [Root.GetHerHisOpp] eyes.;"[Racine.GetFirstName]... [Root.GetFirstName] ! Vous êtes [Root.GetFirstName] de la porte d'à côté ! Vous êtes de retour ! Mais comment... Je suis vraiment désolé, je suis vraiment désolé de ne pas avoir pu en faire assez. Je suis tellement désolé, je suis tellement désolé. Pardonnez-moi, s'il vous plaît."\n\nAlors que je suis étonné et confus par son explosion, je lui dis, "C'est bon. Ne vous blâmez pas pour quelque chose que vous n'avez pas fait. Je serai là pour vous".\n\n[Root.GetHerHisOpp] me dit avec joie, en chuchotant "Je vous aime", avant de s'allonger et de fermer les yeux.;;;;;;;;;;x;x
VIETmisc.9032.a;My beloved servant never woke up after that.;Mon serviteur bien-aimé ne s'est jamais réveillé après cela.;;;;;;;;;;;;x
VIETmisc.9033.tooltip; \n\nAnd yet, [Root.GetHerHisOpp] face looks so peaceful and content.; \n\nEt pourtant, son visage semble si paisible et satisfait.;;;;;;;;;;x;x
VIETmisc.9033.title;Questions;Questions;;;;;;;;;;x;x
VIETmisc.9033.desc;After the funeral of my beloved servant, I ask several of [Root.GetHerHisOpp] relatives what the whole incident was about. It is clearly evident that [Root.GetSheHeOpp] mistook me for someone else. At first, no one has any answers, until we manage to get ahold of [Root.GetHerHisOpp] younger sister, one of my other servants, who is very elderly herself.\n\nThe old lady, despite her age, has a look of strength and confidence about her as a she calmly tells me, "Ah, it's a funny coincidence, my [Root.GetMasterMistress].";Après l'enterrement de mon serviteur bien-aimé, je demande à plusieurs de ses parents de quoi il s'agissait. Il est évident qu'[Root.GetSheHeOpp] m'a pris pour quelqu'un d'autre. Au début, personne n'a de réponse, jusqu'à ce que nous parvenions à contacter sa jeune soeur, une de mes autres servantes, qui est elle-même très âgée.\n\nLa vieille dame, malgré son âge, a un regard de force et de confiance en elle lorsqu'elle me dit calmement, "Ah, c'est une drôle de coïncidence, [Root.GetMasterMistress].;;;;;;;;;;x;x
VIETmisc.9033.a;Why is it a funny coincidence?;Pourquoi est-ce une drôle de coïncidence ?;;;;;;;;;;;;x
VIETmisc.9034.tooltip; \n\nThe old lady chuckles.; \n\nLa vieille dame rit.;;;;;;;;;;x;x
VIETmisc.9034.title;Coincidence;Coincidence;;;;;;;;;;x;x
VIETmisc.9034.desc;"[Root.GetFirstName] was also the name of [Root.GetHerHisOpp] first love," [Root.GetHerHisOpp] sister explains. "They truly loved each other. But [Root.GetHerHisOpp] beloved was in an accident the day before their wedding and [Root.GetSheHe] died in [Root.GetHerHisOpp] arms, and [Root.GetSheHeOpp] always felt guilt over it. I don't remember if you look like [Root.GetHerHisOpp] beloved, as I was a little girl then, and am quite old now, so my memory may be failing me. It doesn't matter, though."\n\nI nod slowly, and say, "That is a strange coincidence. I am not sure what it means in the end.";"[Root.GetFirstName] était aussi le nom de son premier amour", explique sa sœur "Ils s'aimaient vraiment. Mais [Root.GetHerHisOpp] bien-aimé a eu un accident la veille de leur mariage et [Root.GetSheHe] est mort dans ses bras, et [Root.GetSheHeOpp] s'est toujours senti coupable. Je ne me souviens pas si vous ressemblez à [Root.GetHerHisOpp], car j'étais une petite fille à l'époque et je suis assez vieille maintenant, donc ma mémoire me fait peut-être défaut. Mais peu importe." Je hoche lentement la tête et je dis : "C'est une étrange coïncidence. Je ne suis pas sûr de ce que cela signifie à la fin.";;;;;;;;;;x;x
VIETmisc.9034.a;The old lady is deep in thought for a few moments.;La vieille dame est plongée dans ses pensées pendant quelques instants.;;;;;;;;;;;;x
VIETmisc.9035.tooltip; \n\nI sit patiently, waiting for her to speak.; \n\nJe m'assois patiemment, en attendant qu'elle parle.;;;;;;;;;;x;x
VIETmisc.9035.title;Closure;Fermeture;;;;;;;;;;x;x
VIETmisc.9035.desc;"Perhaps it is mere chance, perhaps it is fate. Whatever it is, I am glad that in [Root.GetHerHisOpp] final moments, [Root.GetSheHeOpp] could gaze upon [Root.GetHerHisOpp] beloved," the old lady says. She pauses for a few moments, trying to compose herself as she is clearly deeply moved by this all. "For giving [Root.GetHerHimOpp] that gift of joy and love, I thank you sincerely from the bottom of my heart."\n\n"Perhaps they are together now at last, in the afterlife," I suggest.\n\nThe old lady pauses again, before she smiles gently.;"Peut-être n'est-ce qu'un hasard, peut-être est-ce le destin. Quoi qu'il en soit, je suis heureuse que dans ses derniers moments, [Root.GetSheHeOpp] ait pu contempler [Root.GetHerHisOpp] bien-aimé", dit la vieille dame. Elle s'arrête quelques instants, essayant de se ressaisir, car elle est manifestement très émue par tout cela. "Pour lui avoir donné ce cadeau de joie et d'amour, je vous remercie sincèrement du fond du coeur"\n\n"Peut-être sont-ils enfin réunis maintenant, dans l'au-delà", suggère-je.\n\nLa vieille dame s'arrête à nouveau, avant de sourire doucement.;;;;;;;;;;x;x
VIETmisc.9035.a;"Perhaps they are, my child.";"Peut-être le sont-ils, mon enfant.";;;;;;;;;;;;x
VIETmisc.9036.tooltip;xxxxx;;;;;;;;;;;x;x
VIETmisc.9036.title;xxxxx;;;;;;;;;;;x
VIETmisc.9036.desc;For the last week or so, I have been feeling tired a lot. Therefore, I decided to sleep early today. Soon after, I find myself somewhere in the wilderness I do not recognize. It is a vast expanse of the greenest grass, dotted with fields of vibrant flowers of every color imaginable, flanked on both sides by breathtaking, snow-capped mountains. Above, the sun shines brightly.;Depuis une semaine environ, je me sens très fatigué. J'ai donc décidé de dormir tôt aujourd'hui. Peu de temps après, je me retrouve dans un endroit sauvage que je ne reconnais pas. C'est une vaste étendue d'herbe des plus vertes, parsemée de champs de fleurs vibrantes de toutes les couleurs imaginables, flanquée de part et d'autre de montagnes à couper le souffle et enneigées. Au-dessus, le soleil brille de tous ses feux.;;;;;;;;;;x;x
VIETmisc.9036.a;"Little [Root.GetFirstName]!" a voice calls to me. "Little [Root.GetFirstName]!";"Petit [Root.GetFirstName] !", une voix m'appelle. "Petit [Root.GetFirstName] !";;;;;;;;;;;;x
VIETmisc.9037.tooltip; \n\nNo... it can't be....; \n\nNon... ça ne peut pas être...;;;;;;;;;;x;x
VIETmisc.9037.title;Reunion;Réunion;;;;;;;;;;x;x
VIETmisc.9037.desc;Before my very eyes stands my grand[target_VIET_grandparent_dream.GetFatherMother], the late [target_VIET_grandparent_dream.GetTitledFirstName]. I don't quite recognize [target_VIET_grandparent_dream.GetHerHim] at first, yet something within the dream, within myself, tells me this IS my grand[target_VIET_grandparent_dream.GetFatherMother], no matter what my rational side may think.\n\nI am a child again, small and in awe of everything, and my grand[target_VIET_grandparent_dream.GetFatherMother] looks so tall and comforting. [target_VIET_grandparent_dream.GetSheHeCap] embraces me warmly, and takes my little hand. "Little one, I'm glad I found you."\n\n"What are you doing here?" I squeak, my voice exactly high-pitched like when I was young. "What's going on? Why are we here? Did I do something wrong?";Sous mes yeux se tient mon grand [target_VIET_grandparent_dream.GetFatherMother], le regretté [target_VIET_grandparent_dream.GetTitledFirstName]. Je ne le reconnais pas tout à fait au début, mais quelque chose dans le rêve, en moi, me dit que c'est mon grand [target_VIET_grandparent_dream.GetFatherMother], peu importe ce que mon côté rationnel peut penser.\n\nJe suis à nouveau un enfant, petit et impressionné par tout, et mon grand [target_VIET_grandparent_dream.GetFatherMother] a l'air si grand et si réconfortant. [target_VIET_grandparent_dream.GetSheHeCap] m'embrasse chaleureusement, et prend ma petite main. "Mon petit, je suis content de t'avoir trouvé."\n\n"Que fais-tu ici ?" Je couine, ma voix est exactement aigüe comme quand j'étais jeune. "Qu'est-ce qui se passe ? Pourquoi sommes-nous ici ? J'ai fait quelque chose de mal ?";;;;;;;;;;x;x
VIETmisc.9037.a;"No, no. You've been a good [Root.GetBoyGirl]," [target_VIET_grandparent_dream.GetSheHe] reassures me.;"Non, non. Tu as été un bon [Root.GetBoyGirl]", me rassure t-[target_VIET_grandparent_dream.GetSheHe].;;;;;;;;;;;;x
VIETmisc.9038.tooltip; \n\n"You know I love you, right?" [target_VIET_grandparent_dream.GetSheHe] adds.\n\nI nod.; \n\n"Tu sais que je t'aime, n'est-ce pas ?" ajoute 
 t-[target_VIET_grandparent_dream.GetSheHe].\n\nJe hoche la tête.;Not Time Yet;Pas encore le temps;;;;;;;;x;x;;x
VIETmisc.9038.title;Hand in hand, I walk with my grand[target_VIET_grandparent_dream.GetFatherMother] in the mountain meadows, before sitting on a hillside. We quietly admire the nature around us, the azure of the sky, the wispy pale white of the clouds.\n\n"Am I going with you somewhere?" I ask.\n\n"Little [Root.GetFirstName]," my grand[target_VIET_grandparent_dream.GetFatherMother] says gently, "We will, soon. But not yet."\n\n"Why not?"\n\n"Patience, my child. I love you very much, and I'll be waiting for you. But now, child, first make your preparations for our journey, and then we can go.";Main dans la main, je marche avec mon grand [target_VIET_grandparent_dream.GetFatherMother] dans les prairies de montagne, avant de m'asseoir sur une colline. Nous admirons tranquillement la nature qui nous entoure, l'azur du ciel, le blanc pâle et vaporeux des nuages.\n\n"Est-ce que je vais quelque part avec toi ?" Je demande.\n\n"Petit [Root.GetFirstName]," dit doucement mon grand [target_VIET_grandparent_dream.GetFatherMother], "Nous le ferons, bientôt. Mais pas encore."\n\n"Pourquoi pas ?"\n\nPatience, mon enfant. Je t'aime beaucoup, et je t'attendrai. Mais maintenant, mon enfant, prépare d'abord notre voyage, et ensuite nous pourrons partir.";;;;;;;;;;x;x
VIETmisc.9038.desc;"Thank you," I say.;"Merci", dis-je.;;;;;;;;;;x;x
VIETmisc.9038.a; \n\nI snuggle up next to [target_VIET_grandparent_dream.GetHerHim] and fall asleep.; \n\nJe me blottis à côté de [target_VIET_grandparent_dream.GetHerHim] et je m'endors.;;;;;;;;;;;;x
VIETmisc.9039.tooltip; \n\nI snuggle up next to [target_VIET_grandparent_dream.GetHerHim] and fall asleep.;;;;;;;;;;;x
VIETmisc.9039.title;I slowly awake as I hear the birds chirping outside. I sit up, and recall my dream in vivid detail, almost as if it were real. Why did I dream of my grand[target_VIET_grandparent_dream.GetFatherMother], like that? It was such a comforting dream, as if I felt a great sense of relief wash over me that was helping me prepare for something profound. But what journey was my grand[target_VIET_grandparent_dream.GetFatherMother] speaking of?;Je me réveille lentement en entendant les oiseaux gazouiller dehors. Je m'assois et je me souviens de mon rêve dans les moindres détails, presque comme s'il était réel. Pourquoi ai-je rêvé de mon grand [target_VIET_grandparent_dream.GetFatherMother], comme ça ? C'était un rêve tellement réconfortant, comme si je sentais un grand sentiment de soulagement m'envahir, qui m'aidait à me préparer à quelque chose de profond. Mais de quel voyage parlait mon grand [target_VIET_grandparent_dream.GetFatherMother] ?;;;;;;;;;;x;x
VIETmisc.9039.desc;Life continues as it always had.;La vie continue comme elle l'a toujours fait.;;;;;;;;;;x;x
VIETmisc.9039.a;xxxxx;;;;;;;;;;;;;x
VIETmisc.9040.tooltip;xxxxx;;;;;;;;;;;x;x
VIETmisc.9040.title;Every now and then, no matter if I'm in the middle of some official business, walking outside in my garden, or relaxing in my room, I see my grand[target_VIET_grandparent_dream.GetFatherMother], [target_VIET_grandparent_dream.GetTitledFirstName], standing a distance away, watching me with a pleasant smile on [target_VIET_grandparent_dream.GetHerHis] face before he vanishes. Yet this doesn't alarm me as it normally would - it is comforting, as if [target_VIET_grandparent_dream.GetSheHe] is watching over me, preparing me for something. When I ask people if they also see [target_VIET_grandparent_dream.GetHerHim], no one knows who I'm talking about about.\n\n"You're right," I lie to them. "I was just seeing things.";De temps en temps, que je sois en plein travail, en train de me promener dans mon jardin ou de me détendre dans ma chambre, je vois mon grand [target_VIET_grandparent_dream.GetFatherMother], [target_VIET_grandparent_dream.GetTitledFirstName], se tenant à distance, me regardant avec un sourire agréable sur son son visage avant qu'il ne disparaisse. Mais cela ne m'inquiète pas comme d'habitude, c'est réconfortant, comme si [target_VIET_grandparent_dream.GetSheHe] veillait sur moi, me préparait à quelque chose. Quand je demande aux gens s'ils le voient aussi, personne ne sait de qui je parle.\n\n"Vous avez raison", leur mens-je. "Je ne faisais que voir des choses.";;;;;;;;;;x;x
VIETmisc.9040.desc;I've still been feeling more tired as of late.;Je me sens encore plus fatigué ces derniers temps.;;;;;;;;;;x;x
VIETmisc.9040.a;xxxxx;;;;;;;;;;;;;x
VIETmisc.9041.tooltip;Gentle Reminder;Doux rappel;;;;;;;;;;x;x
VIETmisc.9041.title;I am in the land of dreams again - a gorgeous meadow, nestled in the mountains. And there standing before me, once more, is my grand[target_VIET_grandparent_dream.GetFatherMother], smiling serenely as [target_VIET_grandparent_dream.GetSheHe] looks down at me.\n\nI am a child again, and shyly look at the ground as [target_VIET_grandparent_dream.GetSheHe] says, "I've been watching over you. Have you made your preparations for our journey yet?"\n\nI don't answer for some reason.\n\n[target_VIET_grandparent_dream.GetSheHeCap] laughs and ruffles through my hair. "Don't worry, child. It's almost time to leave. I know you'll be able to leave behind what you need to leave behind, alright? I've been helping you, and I'll continue to be here to help you.";Je suis à nouveau au pays des rêves - une magnifique prairie, nichée dans les montagnes. Et là, debout devant moi, une fois de plus, se trouve mon grand [target_VIET_grandparent_dream.GetFatherMother], souriant sereinement alors que [target_VIET_grandparent_dream.GetSheHe] me regarde de haut.\n\nJe suis redevenu un enfant et je regarde timidement le sol quand [target_VIET_grandparent_dream.GetSheHe] dit : "Je t'ai surveillé. As-tu déjà fait tes préparatifs pour notre voyage ?\n\nJe ne réponds pas, pour une raison quelconque.\n\n[target_VIET_grandparent_dream.GetSheHeCap] rit et se froisse dans mes cheveux. "Ne t'inquiète pas, mon enfant. Il est presque temps de partir. Je sais que tu pourras laisser derrière toi ce que tu as besoin de laisser, d'accord ? Je t'ai aidé et je continuerai à être là pour t'aider.";;;;;;;;;;x;x
VIETmisc.9041.desc;"Thank you," I mutter, as I slowly wake up.;"Merci", murmure-je, en me réveillant lentement.;;;;;;;;;;x;x
VIETmisc.9041.a; \n\nOutside, it is morning, and the birds are chirping.; \n\nDehors, c'est le matin, et les oiseaux gazouillent.;;;;;;;;;;;;x
VIETmisc.9042.tooltip;xxxxx;;;;;;;;;;;x;x
VIETmisc.9042.title;I mull on the meaning of that second dream where my grand[target_VIET_grandparent_dream.GetFatherMother] appeared. There is something profound, yet mysterious about it, even though it is just a dream. Still, at the end of the day, as strange as it is, I also find these dreams comforting. Perhaps my grand[target_VIET_grandparent_dream.GetFatherMother]'s spirit is indeed watching over me.;Je réfléchis à la signification de ce deuxième rêve où mon grand [target_VIET_grandparent_dream.GetFatherMother] est apparu. Il y a quelque chose de profond et pourtant mystérieux, même si ce n'est qu'un rêve. Pourtant, en fin de compte, aussi étrange que cela puisse être, je trouve aussi ces rêves réconfortants. Peut-être que l'esprit de mon grand [target_VIET_grandparent_dream.GetFatherMother] veille en effet sur moi.;;;;;;;;;;x;x
VIETmisc.9042.desc;My servants call me to breakfast, yet I don't feel too hungry.;Mes serviteurs m'appellent pour le petit déjeuner, mais je n'ai pas trop faim.;;;;;;;;;;x;x
VIETmisc.9042.a; \n\nI yawn and stretch. I'd just like to relax and rest today.; \n\nJe bâille et je m'étire. J'aimerais juste me détendre et me reposer aujourd'hui.;;;;;;;;;;;;x
VIETmisc.9043.tooltip;Preparations;Préparations;;;;;;;;;;x;x
VIETmisc.9043.title;I have been feeling too tired the last few days, even more so than I have been for the past few weeks, yet the physicians have not been able to detect anything abnormal. I'm confused, until I recall the visions I've had - both in my dreams and what I see in real life - about my grand[target_VIET_grandparent_dream.GetFatherMother]. Upon doing so, I feel a sense of realization and inner peace.\n\nFinally, I understand.\n\nThe people around me are confused when I explain, though. That's fine. They will understand in time, and prepare for the journey we all must go on.\n\nThat evening, I lie down in bed and rest, refusing food or drink when offered, yet I feel lighter and refreshed.;Je me suis sentie trop fatiguée ces derniers jours, encore plus que ces dernières semaines, et pourtant les médecins n'ont rien pu détecter d'anormal. Je suis confuse, jusqu'à ce que je me rappelle les visions que j'ai eues - à la fois dans mes rêves et dans la vie réelle - sur mon grand [target_VIET_grandparent_dream.GetFatherMother]. Ce faisant, je ressens un sentiment de réalisation et de paix intérieure.\n\nEnfin, je comprends.\n\nMais les gens autour de moi sont confus quand je leur explique. C'est bien. Ils comprendront avec le temps, et se prépareront au voyage que nous devons tous faire.\n\nCe soir-là, je me couche et me repose, refusant la nourriture ou la boisson quand on me l'offre, mais je me sens plus léger et rafraîchi.;;;;;;;;;;x;x
VIETmisc.9043.desc;I gaze around one last time, before closing my eyes.;Je regarde autour de moi une dernière fois, avant de fermer les yeux.;;;;;;;;;;x;x
VIETmisc.9043.a; \n\nIt is time to go meet grand[target_VIET_grandparent_dream.GetFatherMother].; \n\nIl est temps d'aller rencontrer grand [target_VIET_grandparent_dream.GetFatherMother].;;;;;;;;;;;;x
VIETmisc.9044.tooltip;Final Journey;Dernier voyage;;;;;;;;;;x;x
VIETmisc.9044.title;I drift in and out of consciousness, oblivious to everything around me. After an immeasurable amount of time, I see [target_VIET_grandparent_dream.GetTitledFirstName], my grand[target_VIET_grandparent_dream.GetFatherMother]. I am a child once more, just like in the dreams I had before, and [target_VIET_grandparent_dream.GetSheHe] towers over me, but comfortingly so.\n\n"Are you ready to go, little [Root.GetFirstName]?" [target_VIET_grandparent_dream.GetSheHe] asks. "I know it's hard to let go, but you can do it. Everyone must make this journey eventually."\n\n"I think I'm ready," I mutter. I offer my hand to [target_VIET_grandparent_dream.GetHerHim]. "And I'm with you, so I'll be fine! I love you!"\n\n[target_VIET_grandparent_dream.GetSheHeCap] gently holds my hand and smiles.;Je dérive dans et hors de ma conscience, inconscient de tout ce qui m'entoure. Après un temps incommensurable, je vois [target_VIET_grandparent_dream.GetTitledFirstName], mon grand [target_VIET_grandparent_dream.GetFatherMother]. Je suis à nouveau un enfant, comme dans les rêves que j'ai faits avant, et [target_VIET_grandparent_dream.GetSheHe] me domine, mais de façon réconfortante.\n\n"Es-tu prêt à partir, petit [Root.GetFirstName] ? [target_VIET_grandparent_dream.GetSheHe] demande. "Je sais que c'est difficile de lâcher prise, mais tu peux le faire. Tout le monde doit finir par faire ce voyage".\n\n"Je pense que je suis prêt", murmure-je. Je lui offre ma main. "Et je suis avec toi, alors ça va aller ! Je t'aime !"\n\n[target_VIET_grandparent_dream.GetSheHeCap] me tient doucement la main et sourit.;;;;;;;;;;x;x
VIETmisc.9044.desc;"I love you too. Let's go then, little one.";"Je t'aime aussi. Allons-y alors, mon petit.";;;;;;;;;;x;x
VIETmisc.9044.a;"I love you too. Let's go then, little one.";;;;;;;;;;;;;x
VIETmisc.9045.tooltip;xxxxx;;;;;;;;;;;x
VIETmisc.9045.title;xxxxx;;;;;;;;;;;x
VIETmisc.9045.desc;xxxxx;;;;;;;;;;;x
VIETmisc.9045.a;Xxxxxxffff;;;;;;;;;;;;;x
VIETmisc.9046.tooltip;xxxxx;;;;;;;;;;;x
VIETmisc.9046.title;xxxxx;;;;;;;;;;;x
VIETmisc.9046.desc;xxxxx;;;;;;;;;;;x
VIETmisc.9046.a;Xxxxxxffff;;;;;;;;;;;;;x
VIETmisc.9047.tooltip;xxxxx;;;;;;;;;;;x
VIETmisc.9047.title;xxxxx;;;;;;;;;;;x
VIETmisc.9047.desc;xxxxx;;;;;;;;;;;x
VIETmisc.9047.a;Xxxxxxffff;;;;;;;;;;;;;x
VIETmisc.9048.tooltip;xxxxx;;;;;;;;;;;x
VIETmisc.9048.title;xxxxx;;;;;;;;;;;x
VIETmisc.9048.desc;xxxxx;;;;;;;;;;;x
VIETmisc.9048.a;Xxxxxxffff;;;;;;;;;;;;;x
VIETmisc.9049.tooltip;xxxxx;;;;;;;;;;;x
VIETmisc.9049.title;xxxxx;;;;;;;;;;;x
VIETmisc.9049.desc;xxxxx;;;;;;;;;;;x
VIETmisc.9049.a;Xxxxxxffff;;;;;;;;;;;;;x
VIETmisc.9050.tooltip;xxxxx;;;;;;;;;;;x
VIETmisc.9050.title;xxxxx;;;;;;;;;;;x
VIETmisc.9050.desc;xxxxx;;;;;;;;;;;x
VIETmisc.9050.a;Xxxxxxffff;;;;;;;;;;;;;x
VIETmisc.9051.tooltip;xxxxx;;;;;;;;;;;x
VIETmisc.9051.title;xxxxx;;;;;;;;;;;x
VIETmisc.9051.desc;xxxxx;;;;;;;;;;;x
VIETmisc.9051.a;Xxxxxxffff;;;;;;;;;;;;;x
VIETmisc.9052.tooltip;xxxxx;;;;;;;;;;;x
VIETmisc.9052.title;xxxxx;;;;;;;;;;;x
VIETmisc.9052.desc;xxxxx;;;;;;;;;;;x
VIETmisc.9052.a;Xxxxxxffff;;;;;;;;;;;;;x
VIETmisc.9053.tooltip;xxxxx;;;;;;;;;;;x
VIETmisc.9053.title;xxxxx;;;;;;;;;;;x
VIETmisc.9053.desc;xxxxx;;;;;;;;;;;x
VIETmisc.9053.a;Xxxxxxffff;;;;;;;;;;;;;x
VIETmisc.9054.tooltip;xxxxx;;;;;;;;;;;x
VIETmisc.9054.title;xxxxx;;;;;;;;;;;x
VIETmisc.9054.desc;xxxxx;;;;;;;;;;;x
VIETmisc.9054.a;Xxxxxxffff;;;;;;;;;;;;;x
VIETmisc.9055.tooltip;xxxxx;;;;;;;;;;;x
VIETmisc.9055.title;xxxxx;;;;;;;;;;;x
VIETmisc.9055.desc;xxxxx;;;;;;;;;;;x
VIETmisc.9055.a;Xxxxxxffff;;;;;;;;;;;;;x
VIETmisc.9056.tooltip;xxxxx;;;;;;;;;;;x
VIETmisc.9056.title;xxxxx;;;;;;;;;;;x
VIETmisc.9056.desc;xxxxx;;;;;;;;;;;x
VIETmisc.9056.a;Xxxxxxffff;;;;;;;;;;;;;x
VIETmisc.9057.tooltip;xxxxx;;;;;;;;;;;x
VIETmisc.9057.title;xxxxx;;;;;;;;;;;x
VIETmisc.9057.desc;xxxxx;;;;;;;;;;;x
VIETmisc.9057.a;Xxxxxxffff;;;;;;;;;;;;;x
VIETmisc.9058.tooltip;xxxxx;;;;;;;;;;;x
VIETmisc.9058.title;xxxxx;;;;;;;;;;;x
VIETmisc.9058.desc;xxxxx;;;;;;;;;;;x
VIETmisc.9058.a;Xxxxxxffff;;;;;;;;;;;;;x
VIETmisc.9059.tooltip;xxxxx;;;;;;;;;;;x
VIETmisc.9059.title;xxxxx;;;;;;;;;;;x
VIETmisc.9059.desc;xxxxx;;;;;;;;;;;x
VIETmisc.9059.a;Xxxxxxffff;;;;;;;;;;;;;x
VIETmisc.9060.tooltip;xxxxx;;;;;;;;;;;x
VIETmisc.9060.title;xxxxx;;;;;;;;;;;x
VIETmisc.9060.desc;xxxxx;;;;;;;;;;;x
VIETmisc.9060.a;Xxxxxxffff;;;;;;;;;;;;;x
VIETmisc.9061.tooltip;xxxxx;;;;;;;;;;;x
VIETmisc.9061.title;xxxxx;;;;;;;;;;;x
VIETmisc.9061.desc;xxxxx;;;;;;;;;;;x
VIETmisc.9061.a;Xxxxxxffff;;;;;;;;;;;;;x
VIETmisc.9062.tooltip;xxxxx;;;;;;;;;;;x
VIETmisc.9062.title;xxxxx;;;;;;;;;;;x
VIETmisc.9062.desc;xxxxx;;;;;;;;;;;x
VIETmisc.9062.a;Xxxxxxffff;;;;;;;;;;;;;x
VIETmisc.9063.tooltip;xxxxx;;;;;;;;;;;x
VIETmisc.9063.title;xxxxx;;;;;;;;;;;x
VIETmisc.9063.desc;xxxxx;;;;;;;;;;;x
VIETmisc.9063.a;Xxxxxxffff;;;;;;;;;;;;;x
VIETmisc.9064.tooltip;xxxxx;;;;;;;;;;;x
VIETmisc.9064.title;xxxxx;;;;;;;;;;;x
VIETmisc.9064.desc;xxxxx;;;;;;;;;;;x
VIETmisc.9064.a;Xxxxxxffff;;;;;;;;;;;;;x
VIETmisc.9065.tooltip;xxxxx;;;;;;;;;;;x
VIETmisc.9065.title;xxxxx;;;;;;;;;;;x
VIETmisc.9065.desc;xxxxx;;;;;;;;;;;x
VIETmisc.9065.a;Xxxxxxffff;;;;;;;;;;;;;x
VIETmisc.9066.tooltip;xxxxx;;;;;;;;;;;x
VIETmisc.9066.title;xxxxx;;;;;;;;;;;x
VIETmisc.9066.desc;xxxxx;;;;;;;;;;;x
VIETmisc.9066.a;Xxxxxxffff;;;;;;;;;;;;;x
VIETmisc.9067.tooltip;xxxxx;;;;;;;;;;;x
VIETmisc.9067.title;xxxxx;;;;;;;;;;;x
VIETmisc.9067.desc;xxxxx;;;;;;;;;;;x
VIETmisc.9067.a;Xxxxxxffff;;;;;;;;;;;;;x
VIETmisc.9068.tooltip;xxxxx;;;;;;;;;;;x
VIETmisc.9068.title;xxxxx;;;;;;;;;;;x
VIETmisc.9068.desc;xxxxx;;;;;;;;;;;x
VIETmisc.9068.a;Xxxxxxffff;;;;;;;;;;;;;x
VIETmisc.9069.tooltip;xxxxx;;;;;;;;;;;x
VIETmisc.9069.title;xxxxx;;;;;;;;;;;x
VIETmisc.9069.desc;xxxxx;;;;;;;;;;;x
VIETmisc.9069.a;Xxxxxxffff;;;;;;;;;;;;;x
VIETmisc.9070.tooltip;xxxxx;;;;;;;;;;;x
VIETmisc.9070.title;xxxxx;;;;;;;;;;;x
VIETmisc.9070.desc;xxxxx;;;;;;;;;;;x
VIETmisc.9070.a;Xxxxxxffff;;;;;;;;;;;;;x
VIETmisc.9071.tooltip;xxxxx;;;;;;;;;;;x
VIETmisc.9071.title;xxxxx;;;;;;;;;;;x
VIETmisc.9071.desc;xxxxx;;;;;;;;;;;x
VIETmisc.9071.a;Xxxxxxffff;;;;;;;;;;;;;x
VIETmisc.9072.tooltip;xxxxx;;;;;;;;;;;x
VIETmisc.9072.title;xxxxx;;;;;;;;;;;x
VIETmisc.9072.desc;xxxxx;;;;;;;;;;;x
VIETmisc.9072.a;Xxxxxxffff;;;;;;;;;;;;;x
VIETmisc.9073.tooltip;xxxxx;;;;;;;;;;;x
VIETmisc.9073.title;xxxxx;;;;;;;;;;;x
VIETmisc.9073.desc;xxxxx;;;;;;;;;;;x
VIETmisc.9073.a;Xxxxxxffff;;;;;;;;;;;;;x
VIETmisc.9074.tooltip;xxxxx;;;;;;;;;;;x
VIETmisc.9074.title;xxxxx;;;;;;;;;;;x
VIETmisc.9074.desc;xxxxx;;;;;;;;;;;x
VIETmisc.9074.a;Xxxxxxffff;;;;;;;;;;;;;x
VIETmisc.9075.tooltip;xxxxx;;;;;;;;;;;x
VIETmisc.9075.title;xxxxx;;;;;;;;;;;x
VIETmisc.9075.desc;xxxxx;;;;;;;;;;;x
VIETmisc.9075.a;Xxxxxxffff;;;;;;;;;;;;;x
VIETmisc.9076.tooltip;xxxxx;;;;;;;;;;;x
VIETmisc.9076.title;xxxxx;;;;;;;;;;;x
VIETmisc.9076.desc;xxxxx;;;;;;;;;;;x
VIETmisc.9076.a;Xxxxxxffff;;;;;;;;;;;;;x
VIETmisc.9077.tooltip;xxxxx;;;;;;;;;;;x
VIETmisc.9077.title;xxxxx;;;;;;;;;;;x
VIETmisc.9077.desc;xxxxx;;;;;;;;;;;x
VIETmisc.9077.a;Xxxxxxffff;;;;;;;;;;;;;x
VIETmisc.9078.tooltip;xxxxx;;;;;;;;;;;x
VIETmisc.9078.title;xxxxx;;;;;;;;;;;x
VIETmisc.9078.desc;xxxxx;;;;;;;;;;;x
VIETmisc.9078.a;Xxxxxxffff;;;;;;;;;;;;;x
VIETmisc.9079.tooltip;xxxxx;;;;;;;;;;;x
VIETmisc.9079.title;xxxxx;;;;;;;;;;;x
VIETmisc.9079.desc;xxxxx;;;;;;;;;;;x
VIETmisc.9079.a;Xxxxxxffff;;;;;;;;;;;;;x
VIETmisc.9080.tooltip;xxxxx;;;;;;;;;;;x
VIETmisc.9080.title;xxxxx;;;;;;;;;;;x
VIETmisc.9080.desc;xxxxx;;;;;;;;;;;x
VIETmisc.9080.a;Xxxxxxffff;;;;;;;;;;;;;x
VIETmisc.9081.tooltip;xxxxx;;;;;;;;;;;x
VIETmisc.9081.title;xxxxx;;;;;;;;;;;x
VIETmisc.9081.desc;xxxxx;;;;;;;;;;;x
VIETmisc.9081.a;Xxxxxxffff;;;;;;;;;;;;;x
VIETmisc.9082.tooltip;xxxxx;;;;;;;;;;;x
VIETmisc.9082.title;xxxxx;;;;;;;;;;;x
VIETmisc.9082.desc;xxxxx;;;;;;;;;;;x
VIETmisc.9082.a;Xxxxxxffff;;;;;;;;;;;;;x
VIETmisc.9083.tooltip;xxxxx;;;;;;;;;;;x
VIETmisc.9083.title;xxxxx;;;;;;;;;;;x
VIETmisc.9083.desc;xxxxx;;;;;;;;;;;x
VIETmisc.9083.a;Xxxxxxffff;;;;;;;;;;;;;x
VIETmisc.9084.tooltip;xxxxx;;;;;;;;;;;x
VIETmisc.9084.title;xxxxx;;;;;;;;;;;x
VIETmisc.9084.desc;xxxxx;;;;;;;;;;;x
VIETmisc.9084.a;Xxxxxxffff;;;;;;;;;;;;;x
VIETmisc.9085.tooltip;xxxxx;;;;;;;;;;;x
VIETmisc.9085.title;xxxxx;;;;;;;;;;;x
VIETmisc.9085.desc;xxxxx;;;;;;;;;;;x
VIETmisc.9085.a;Xxxxxxffff;;;;;;;;;;;;;x
VIETmisc.9086.tooltip;xxxxx;;;;;;;;;;;x
VIETmisc.9086.title;xxxxx;;;;;;;;;;;x
VIETmisc.9086.desc;xxxxx;;;;;;;;;;;x
VIETmisc.9086.a;Xxxxxxffff;;;;;;;;;;;;;x
VIETmisc.9087.tooltip;xxxxx;;;;;;;;;;;x
VIETmisc.9087.title;xxxxx;;;;;;;;;;;x
VIETmisc.9087.desc;xxxxx;;;;;;;;;;;x
VIETmisc.9087.a;Xxxxxxffff;;;;;;;;;;;;;x
VIETmisc.9088.tooltip;xxxxx;;;;;;;;;;;x
VIETmisc.9088.title;xxxxx;;;;;;;;;;;x
VIETmisc.9088.desc;xxxxx;;;;;;;;;;;x
VIETmisc.9088.a;Xxxxxxffff;;;;;;;;;;;;;x
VIETmisc.9089.tooltip;xxxxx;;;;;;;;;;;x
VIETmisc.9089.title;xxxxx;;;;;;;;;;;x
VIETmisc.9089.desc;xxxxx;;;;;;;;;;;x
VIETmisc.9089.a;Xxxxxxffff;;;;;;;;;;;;;x
VIETmisc.9090.tooltip;xxxxx;;;;;;;;;;;x
VIETmisc.9090.title;xxxxx;;;;;;;;;;;x
VIETmisc.9090.desc;xxxxx;;;;;;;;;;;x
VIETmisc.9090.a;Xxxxxxffff;;;;;;;;;;;;;x
VIETmisc.9091.tooltip;xxxxx;;;;;;;;;;;x
VIETmisc.9091.title;xxxxx;;;;;;;;;;;x
VIETmisc.9091.desc;xxxxx;;;;;;;;;;;x
VIETmisc.9091.a;Xxxxxxffff;;;;;;;;;;;;;x
VIETmisc.9092.tooltip;xxxxx;;;;;;;;;;;x
VIETmisc.9092.title;xxxxx;;;;;;;;;;;x
VIETmisc.9092.desc;xxxxx;;;;;;;;;;;x
VIETmisc.9092.a;Xxxxxxffff;;;;;;;;;;;;;x
VIETmisc.9093.tooltip;xxxxx;;;;;;;;;;;x
VIETmisc.9093.title;xxxxx;;;;;;;;;;;x
VIETmisc.9093.desc;xxxxx;;;;;;;;;;;x
VIETmisc.9093.a;Xxxxxxffff;;;;;;;;;;;;;x
VIETmisc.9094.tooltip;xxxxx;;;;;;;;;;;x
VIETmisc.9094.title;xxxxx;;;;;;;;;;;x
VIETmisc.9094.desc;xxxxx;;;;;;;;;;;x
VIETmisc.9094.a;Xxxxxxffff;;;;;;;;;;;;;x
VIETmisc.9095.tooltip;xxxxx;;;;;;;;;;;x
VIETmisc.9095.title;xxxxx;;;;;;;;;;;x
VIETmisc.9095.desc;xxxxx;;;;;;;;;;;x
VIETmisc.9095.a;Xxxxxxffff;;;;;;;;;;;;;x
VIETmisc.9096.tooltip;xxxxx;;;;;;;;;;;x
VIETmisc.9096.title;xxxxx;;;;;;;;;;;x
VIETmisc.9096.desc;xxxxx;;;;;;;;;;;x
VIETmisc.9096.a;Xxxxxxffff;;;;;;;;;;;;;x
VIETmisc.9097.tooltip;xxxxx;;;;;;;;;;;x
VIETmisc.9097.title;xxxxx;;;;;;;;;;;x
VIETmisc.9097.desc;xxxxx;;;;;;;;;;;x
VIETmisc.9097.a;Xxxxxxffff;;;;;;;;;;;;;x
VIETmisc.9098.tooltip;xxxxx;;;;;;;;;;;x
VIETmisc.9098.title;xxxxx;;;;;;;;;;;x
VIETmisc.9098.desc;xxxxx;;;;;;;;;;;x
VIETmisc.9098.a;Xxxxxxffff;;;;;;;;;;;;;x
VIETmisc.9099.tooltip;xxxxx;;;;;;;;;;;x
VIETmisc.9099.title;xxxxx;;;;;;;;;;;x
VIETmisc.9099.desc;xxxxx;;;;;;;;;;;x
VIETmisc.9099.a;Xxxxxxffff;;;;;;;;;;;;;x
VIETmisc.9100.tooltip;xxxxx;;;;;;;;;;;x
VIETmisc.9100.title;xxxxx;;;;;;;;;;;x
VIETmisc.9100.desc;xxxxx;;;;;;;;;;;x
VIETmisc.9100.a;Xxxxxxffff;;;;;;;;;;;;;x
VIETmisc.9101.tooltip;xxxxx;;;;;;;;;;;x
VIETmisc.9101.title;xxxxx;;;;;;;;;;;x
VIETmisc.9101.desc;xxxxx;;;;;;;;;;;x
VIETmisc.9101.a;Xxxxxxffff;;;;;;;;;;;;;x
VIETmisc.9102.tooltip;xxxxx;;;;;;;;;;;x
VIETmisc.9102.title;xxxxx;;;;;;;;;;;x
VIETmisc.9102.desc;xxxxx;;;;;;;;;;;x
VIETmisc.9102.a;Xxxxxxffff;;;;;;;;;;;;;x
VIETmisc.9103.tooltip;xxxxx;;;;;;;;;;;x
VIETmisc.9103.title;xxxxx;;;;;;;;;;;x
VIETmisc.9103.desc;xxxxx;;;;;;;;;;;x
VIETmisc.9103.a;Xxxxxxffff;;;;;;;;;;;;;x
VIETmisc.9104.tooltip;xxxxx;;;;;;;;;;;x
VIETmisc.9104.title;xxxxx;;;;;;;;;;;x
VIETmisc.9104.desc;xxxxx;;;;;;;;;;;x
VIETmisc.9104.a;Xxxxxxffff;;;;;;;;;;;;;x
VIETmisc.9105.tooltip;xxxxx;;;;;;;;;;;x
VIETmisc.9105.title;xxxxx;;;;;;;;;;;x
VIETmisc.9105.desc;xxxxx;;;;;;;;;;;x
VIETmisc.9105.a;Xxxxxxffff;;;;;;;;;;;;;x
VIETmisc.9106.tooltip;xxxxx;;;;;;;;;;;x
VIETmisc.9106.title;xxxxx;;;;;;;;;;;x
VIETmisc.9106.desc;xxxxx;;;;;;;;;;;x
VIETmisc.9106.a;Xxxxxxffff;;;;;;;;;;;;;x
VIETmisc.9107.tooltip;xxxxx;;;;;;;;;;;x
VIETmisc.9107.title;xxxxx;;;;;;;;;;;x
VIETmisc.9107.desc;xxxxx;;;;;;;;;;;x
VIETmisc.9107.a;Xxxxxxffff;;;;;;;;;;;;;x
VIETmisc.9108.tooltip;xxxxx;;;;;;;;;;;x
VIETmisc.9108.title;xxxxx;;;;;;;;;;;x
VIETmisc.9108.desc;xxxxx;;;;;;;;;;;x
VIETmisc.9108.a;Xxxxxxffff;;;;;;;;;;;;;x
VIETmisc.9109.tooltip;xxxxx;;;;;;;;;;;x
VIETmisc.9109.title;xxxxx;;;;;;;;;;;x
VIETmisc.9109.desc;xxxxx;;;;;;;;;;;x
VIETmisc.9109.a;Xxxxxxffff;;;;;;;;;;;;;x
VIETmisc.9110.tooltip;xxxxx;;;;;;;;;;;x
VIETmisc.9110.title;xxxxx;;;;;;;;;;;x
VIETmisc.9110.desc;xxxxx;;;;;;;;;;;x
VIETmisc.9110.a;Xxxxxxffff;;;;;;;;;;;;;x
VIETmisc.9111.tooltip;xxxxx;;;;;;;;;;;x
VIETmisc.9111.title;xxxxx;;;;;;;;;;;x
VIETmisc.9111.desc;xxxxx;;;;;;;;;;;x
VIETmisc.9111.a;Xxxxxxffff;;;;;;;;;;;;;x
VIETmisc.9112.tooltip;xxxxx;;;;;;;;;;;x
VIETmisc.9112.title;xxxxx;;;;;;;;;;;x
VIETmisc.9112.desc;xxxxx;;;;;;;;;;;x
VIETmisc.9112.a;Xxxxxxffff;;;;;;;;;;;;;x
VIETmisc.9113.tooltip;xxxxx;;;;;;;;;;;x
VIETmisc.9113.title;xxxxx;;;;;;;;;;;x
VIETmisc.9113.desc;xxxxx;;;;;;;;;;;x
VIETmisc.9113.a;Xxxxxxffff;;;;;;;;;;;;;x
VIETmisc.9114.tooltip;xxxxx;;;;;;;;;;;x
VIETmisc.9114.title;xxxxx;;;;;;;;;;;x
VIETmisc.9114.desc;xxxxx;;;;;;;;;;;x
VIETmisc.9114.a;Xxxxxxffff;;;;;;;;;;;;;x
VIETmisc.9115.tooltip;xxxxx;;;;;;;;;;;x
VIETmisc.9115.title;xxxxx;;;;;;;;;;;x
VIETmisc.9115.desc;xxxxx;;;;;;;;;;;x
VIETmisc.9115.a;Xxxxxxffff;;;;;;;;;;;;;x
VIETmisc.9116.tooltip;xxxxx;;;;;;;;;;;x
VIETmisc.9116.title;xxxxx;;;;;;;;;;;x
VIETmisc.9116.desc;xxxxx;;;;;;;;;;;x
VIETmisc.9116.a;Xxxxxxffff;;;;;;;;;;;;;x
VIETmisc.9117.tooltip;xxxxx;;;;;;;;;;;x
VIETmisc.9117.title;xxxxx;;;;;;;;;;;x
VIETmisc.9117.desc;xxxxx;;;;;;;;;;;x
VIETmisc.9117.a;Xxxxxxffff;;;;;;;;;;;;;x
VIETmisc.9118.tooltip;xxxxx;;;;;;;;;;;x
VIETmisc.9118.title;xxxxx;;;;;;;;;;;x
VIETmisc.9118.desc;xxxxx;;;;;;;;;;;x
VIETmisc.9118.a;Xxxxxxffff;;;;;;;;;;;;;x
VIETmisc.9119.tooltip;xxxxx;;;;;;;;;;;x
VIETmisc.9119.title;xxxxx;;;;;;;;;;;x
VIETmisc.9119.desc;xxxxx;;;;;;;;;;;x
VIETmisc.9119.a;Xxxxxxffff;;;;;;;;;;;;;x
VIETmisc.9120.tooltip;xxxxx;;;;;;;;;;;x
VIETmisc.9120.title;xxxxx;;;;;;;;;;;x
VIETmisc.9120.desc;xxxxx;;;;;;;;;;;x
VIETmisc.9120.a;Xxxxxxffff;;;;;;;;;;;;;x
VIETmisc.9121.tooltip;xxxxx;;;;;;;;;;;x
VIETmisc.9121.title;xxxxx;;;;;;;;;;;x
VIETmisc.9121.desc;xxxxx;;;;;;;;;;;x
VIETmisc.9121.a;Xxxxxxffff;;;;;;;;;;;;;x
VIETmisc.9122.tooltip;xxxxx;;;;;;;;;;;x
VIETmisc.9122.title;xxxxx;;;;;;;;;;;x
VIETmisc.9122.desc;xxxxx;;;;;;;;;;;x
VIETmisc.9122.a;Xxxxxxffff;;;;;;;;;;;;;x
VIETmisc.9123.tooltip;xxxxx;;;;;;;;;;;x
VIETmisc.9123.title;xxxxx;;;;;;;;;;;x
VIETmisc.9123.desc;xxxxx;;;;;;;;;;;x
VIETmisc.9123.a;Xxxxxxffff;;;;;;;;;;;;;x
VIETmisc.9124.tooltip;xxxxx;;;;;;;;;;;x
VIETmisc.9124.title;xxxxx;;;;;;;;;;;x
VIETmisc.9124.desc;xxxxx;;;;;;;;;;;x
VIETmisc.9124.a;Xxxxxxffff;;;;;;;;;;;;;x
VIETmisc.9125.tooltip;xxxxx;;;;;;;;;;;x
VIETmisc.9125.title;xxxxx;;;;;;;;;;;x
VIETmisc.9125.desc;xxxxx;;;;;;;;;;;x
VIETmisc.9125.a;Xxxxxxffff;;;;;;;;;;;;;x
VIETmisc.9126.tooltip;xxxxx;;;;;;;;;;;x
VIETmisc.9126.title;xxxxx;;;;;;;;;;;x
VIETmisc.9126.desc;xxxxx;;;;;;;;;;;x
VIETmisc.9126.a;Xxxxxxffff;;;;;;;;;;;;;x
VIETmisc.9127.tooltip;xxxxx;;;;;;;;;;;x
VIETmisc.9127.title;xxxxx;;;;;;;;;;;x
VIETmisc.9127.desc;xxxxx;;;;;;;;;;;x
VIETmisc.9127.a;Xxxxxxffff;;;;;;;;;;;;;x
VIETmisc.9128.tooltip;xxxxx;;;;;;;;;;;x
VIETmisc.9128.title;xxxxx;;;;;;;;;;;x
VIETmisc.9128.desc;xxxxx;;;;;;;;;;;x
VIETmisc.9128.a;Xxxxxxffff;;;;;;;;;;;;;x
VIETmisc.9129.tooltip;xxxxx;;;;;;;;;;;x
VIETmisc.9129.title;xxxxx;;;;;;;;;;;x
VIETmisc.9129.desc;xxxxx;;;;;;;;;;;x
VIETmisc.9129.a;Xxxxxxffff;;;;;;;;;;;;;x
VIETmisc.9130.tooltip;xxxxx;;;;;;;;;;;x
VIETmisc.9130.title;xxxxx;;;;;;;;;;;x
VIETmisc.9130.desc;xxxxx;;;;;;;;;;;x
VIETmisc.9130.a;Xxxxxxffff;;;;;;;;;;;;;x
VIETmisc.9131.tooltip;xxxxx;;;;;;;;;;;x
VIETmisc.9131.title;xxxxx;;;;;;;;;;;x
VIETmisc.9131.desc;xxxxx;;;;;;;;;;;x
VIETmisc.9131.a;Xxxxxxffff;;;;;;;;;;;;;x
VIETmisc.9132.tooltip;xxxxx;;;;;;;;;;;x
VIETmisc.9132.title;xxxxx;;;;;;;;;;;x
VIETmisc.9132.desc;xxxxx;;;;;;;;;;;x
VIETmisc.9132.a;Xxxxxxffff;;;;;;;;;;;;;x
VIETmisc.9133.tooltip;xxxxx;;;;;;;;;;;x
VIETmisc.9133.title;xxxxx;;;;;;;;;;;x
VIETmisc.9133.desc;xxxxx;;;;;;;;;;;x
VIETmisc.9133.a;Xxxxxxffff;;;;;;;;;;;;;x
VIETmisc.9134.tooltip;xxxxx;;;;;;;;;;;x
VIETmisc.9134.title;xxxxx;;;;;;;;;;;x
VIETmisc.9134.desc;xxxxx;;;;;;;;;;;x
VIETmisc.9134.a;Xxxxxxffff;;;;;;;;;;;;;x
VIETmisc.9135.tooltip;xxxxx;;;;;;;;;;;x
VIETmisc.9135.title;xxxxx;;;;;;;;;;;x
VIETmisc.9135.desc;xxxxx;;;;;;;;;;;x
VIETmisc.9135.a;Xxxxxxffff;;;;;;;;;;;;;x
VIETmisc.9136.tooltip;xxxxx;;;;;;;;;;;x
VIETmisc.9136.title;xxxxx;;;;;;;;;;;x
VIETmisc.9136.desc;xxxxx;;;;;;;;;;;x
VIETmisc.9136.a;Xxxxxxffff;;;;;;;;;;;;;x
VIETmisc.9137.tooltip;xxxxx;;;;;;;;;;;x
VIETmisc.9137.title;xxxxx;;;;;;;;;;;x
VIETmisc.9137.desc;xxxxx;;;;;;;;;;;x
VIETmisc.9137.a;Xxxxxxffff;;;;;;;;;;;;;x
VIETmisc.9138.tooltip;xxxxx;;;;;;;;;;;x
VIETmisc.9138.title;xxxxx;;;;;;;;;;;x
VIETmisc.9138.desc;xxxxx;;;;;;;;;;;x
VIETmisc.9138.a;Xxxxxxffff;;;;;;;;;;;;;x
VIETmisc.9139.tooltip;xxxxx;;;;;;;;;;;x
VIETmisc.9139.title;xxxxx;;;;;;;;;;;x
VIETmisc.9139.desc;xxxxx;;;;;;;;;;;x
VIETmisc.9139.a;Xxxxxxffff;;;;;;;;;;;;;x
VIETmisc.9140.tooltip;xxxxx;;;;;;;;;;;x
VIETmisc.9140.title;xxxxx;;;;;;;;;;;x
VIETmisc.9140.desc;xxxxx;;;;;;;;;;;x
VIETmisc.9140.a;Xxxxxxffff;;;;;;;;;;;;;x
VIETmisc.9141.tooltip;xxxxx;;;;;;;;;;;x
VIETmisc.9141.title;xxxxx;;;;;;;;;;;x
VIETmisc.9141.desc;xxxxx;;;;;;;;;;;x
VIETmisc.9141.a;Xxxxxxffff;;;;;;;;;;;;;x
VIETmisc.9142.tooltip;xxxxx;;;;;;;;;;;x
VIETmisc.9142.title;xxxxx;;;;;;;;;;;x
VIETmisc.9142.desc;xxxxx;;;;;;;;;;;x
VIETmisc.9142.a;Xxxxxxffff;;;;;;;;;;;;;x
VIETmisc.9143.tooltip;xxxxx;;;;;;;;;;;x
VIETmisc.9143.title;xxxxx;;;;;;;;;;;x
VIETmisc.9143.desc;xxxxx;;;;;;;;;;;x
VIETmisc.9143.a;Xxxxxxffff;;;;;;;;;;;;;x
VIETmisc.9144.tooltip;xxxxx;;;;;;;;;;;x
VIETmisc.9144.title;xxxxx;;;;;;;;;;;x
VIETmisc.9144.desc;xxxxx;;;;;;;;;;;x
VIETmisc.9144.a;Xxxxxxffff;;;;;;;;;;;;;x
VIETmisc.9145.tooltip;xxxxx;;;;;;;;;;;x
VIETmisc.9145.title;xxxxx;;;;;;;;;;;x
VIETmisc.9145.desc;xxxxx;;;;;;;;;;;x
VIETmisc.9145.a;Xxxxxxffff;;;;;;;;;;;;;x
VIETmisc.9146.tooltip;xxxxx;;;;;;;;;;;x
VIETmisc.9146.title;xxxxx;;;;;;;;;;;x
VIETmisc.9146.desc;xxxxx;;;;;;;;;;;x
VIETmisc.9146.a;Xxxxxxffff;;;;;;;;;;;;;x
VIETmisc.9147.tooltip;xxxxx;;;;;;;;;;;x
VIETmisc.9147.title;xxxxx;;;;;;;;;;;x
VIETmisc.9147.desc;xxxxx;;;;;;;;;;;x
VIETmisc.9147.a;Xxxxxxffff;;;;;;;;;;;;;x
VIETmisc.9148.tooltip;xxxxx;;;;;;;;;;;x
VIETmisc.9148.title;xxxxx;;;;;;;;;;;x
VIETmisc.9148.desc;xxxxx;;;;;;;;;;;x
VIETmisc.9148.a;Xxxxxxffff;;;;;;;;;;;;;x
VIETmisc.9149.tooltip;xxxxx;;;;;;;;;;;x
VIETmisc.9149.title;xxxxx;;;;;;;;;;;x
VIETmisc.9149.desc;xxxxx;;;;;;;;;;;x
VIETmisc.9149.a;Xxxxxxffff;;;;;;;;;;;;;x
VIETmisc.9150.tooltip;xxxxx;;;;;;;;;;;x
VIETmisc.9150.title;xxxxx;;;;;;;;;;;x
VIETmisc.9150.desc;xxxxx;;;;;;;;;;;x
VIETmisc.9150.a;Xxxxxxffff;;;;;;;;;;;;;x
VIETmisc.9151.tooltip;xxxxx;;;;;;;;;;;x
VIETmisc.9151.title;xxxxx;;;;;;;;;;;x
VIETmisc.9151.desc;xxxxx;;;;;;;;;;;x
VIETmisc.9151.a;Xxxxxxffff;;;;;;;;;;;;;x
VIETmisc.9152.tooltip;xxxxx;;;;;;;;;;;x
VIETmisc.9152.title;xxxxx;;;;;;;;;;;x
VIETmisc.9152.desc;xxxxx;;;;;;;;;;;x
VIETmisc.9152.a;Xxxxxxffff;;;;;;;;;;;;;x
VIETmisc.9153.tooltip;xxxxx;;;;;;;;;;;x
VIETmisc.9153.title;xxxxx;;;;;;;;;;;x
VIETmisc.9153.desc;xxxxx;;;;;;;;;;;x
VIETmisc.9153.a;Xxxxxxffff;;;;;;;;;;;;;x
VIETmisc.9154.tooltip;xxxxx;;;;;;;;;;;x
VIETmisc.9154.title;xxxxx;;;;;;;;;;;x
VIETmisc.9154.desc;xxxxx;;;;;;;;;;;x
VIETmisc.9154.a;Xxxxxxffff;;;;;;;;;;;;;x
VIETmisc.9155.tooltip;xxxxx;;;;;;;;;;;x
VIETmisc.9155.title;xxxxx;;;;;;;;;;;x
VIETmisc.9155.desc;xxxxx;;;;;;;;;;;x
VIETmisc.9155.a;Xxxxxxffff;;;;;;;;;;;;;x
VIETmisc.9156.tooltip;xxxxx;;;;;;;;;;;x
VIETmisc.9156.title;xxxxx;;;;;;;;;;;x
VIETmisc.9156.desc;xxxxx;;;;;;;;;;;x
VIETmisc.9156.a;Xxxxxxffff;;;;;;;;;;;;;x
VIETmisc.9157.tooltip;xxxxx;;;;;;;;;;;x
VIETmisc.9157.title;xxxxx;;;;;;;;;;;x
VIETmisc.9157.desc;xxxxx;;;;;;;;;;;x
VIETmisc.9157.a;Xxxxxxffff;;;;;;;;;;;;;x
VIETmisc.9158.tooltip;xxxxx;;;;;;;;;;;x
VIETmisc.9158.title;xxxxx;;;;;;;;;;;x
VIETmisc.9158.desc;xxxxx;;;;;;;;;;;x
VIETmisc.9158.a;Xxxxxxffff;;;;;;;;;;;;;x
VIETmisc.9159.tooltip;xxxxx;;;;;;;;;;;x
VIETmisc.9159.title;xxxxx;;;;;;;;;;;x
VIETmisc.9159.desc;xxxxx;;;;;;;;;;;x
VIETmisc.9159.a;Xxxxxxffff;;;;;;;;;;;;;x
VIETmisc.9160.tooltip;xxxxx;;;;;;;;;;;x
VIETmisc.9160.title;xxxxx;;;;;;;;;;;x
VIETmisc.9160.desc;xxxxx;;;;;;;;;;;x
VIETmisc.9160.a;Xxxxxxffff;;;;;;;;;;;;;x
VIETmisc.9161.tooltip;xxxxx;;;;;;;;;;;x
VIETmisc.9161.title;xxxxx;;;;;;;;;;;x
VIETmisc.9161.desc;xxxxx;;;;;;;;;;;x
VIETmisc.9161.a;Xxxxxxffff;;;;;;;;;;;;;x
VIETmisc.9162.tooltip;xxxxx;;;;;;;;;;;x
VIETmisc.9162.title;xxxxx;;;;;;;;;;;x
VIETmisc.9162.desc;xxxxx;;;;;;;;;;;x
VIETmisc.9162.a;Xxxxxxffff;;;;;;;;;;;;;x
VIETmisc.9163.tooltip;xxxxx;;;;;;;;;;;x
VIETmisc.9163.title;xxxxx;;;;;;;;;;;x
VIETmisc.9163.desc;xxxxx;;;;;;;;;;;x
VIETmisc.9163.a;Xxxxxxffff;;;;;;;;;;;;;x
VIETmisc.9164.tooltip;xxxxx;;;;;;;;;;;x
VIETmisc.9164.title;xxxxx;;;;;;;;;;;x
VIETmisc.9164.desc;xxxxx;;;;;;;;;;;x
VIETmisc.9164.a;Xxxxxxffff;;;;;;;;;;;;;x
VIETmisc.9165.tooltip;xxxxx;;;;;;;;;;;x
VIETmisc.9165.title;xxxxx;;;;;;;;;;;x
VIETmisc.9165.desc;xxxxx;;;;;;;;;;;x
VIETmisc.9165.a;Xxxxxxffff;;;;;;;;;;;;;x
VIETmisc.9166.tooltip;xxxxx;;;;;;;;;;;x
VIETmisc.9166.title;xxxxx;;;;;;;;;;;x
VIETmisc.9166.desc;xxxxx;;;;;;;;;;;x
VIETmisc.9166.a;Xxxxxxffff;;;;;;;;;;;;;x
VIETmisc.9167.tooltip;xxxxx;;;;;;;;;;;x
VIETmisc.9167.title;xxxxx;;;;;;;;;;;x
VIETmisc.9167.desc;xxxxx;;;;;;;;;;;x
VIETmisc.9167.a;Xxxxxxffff;;;;;;;;;;;;;x
VIETmisc.9168.tooltip;xxxxx;;;;;;;;;;;x
VIETmisc.9168.title;xxxxx;;;;;;;;;;;x
VIETmisc.9168.desc;xxxxx;;;;;;;;;;;x
VIETmisc.9168.a;Xxxxxxffff;;;;;;;;;;;;;x
VIETmisc.9169.tooltip;xxxxx;;;;;;;;;;;x
VIETmisc.9169.title;xxxxx;;;;;;;;;;;x
VIETmisc.9169.desc;xxxxx;;;;;;;;;;;x
VIETmisc.9169.a;Xxxxxxffff;;;;;;;;;;;;;x
VIETmisc.9170.tooltip;xxxxx;;;;;;;;;;;x
VIETmisc.9170.title;xxxxx;;;;;;;;;;;x
VIETmisc.9170.desc;xxxxx;;;;;;;;;;;x
VIETmisc.9170.a;Xxxxxxffff;;;;;;;;;;;;;x
VIETmisc.9171.tooltip;xxxxx;;;;;;;;;;;x
VIETmisc.9171.title;xxxxx;;;;;;;;;;;x
VIETmisc.9171.desc;xxxxx;;;;;;;;;;;x
VIETmisc.9171.a;Xxxxxxffff;;;;;;;;;;;;;x
VIETmisc.9172.tooltip;xxxxx;;;;;;;;;;;x
VIETmisc.9172.title;xxxxx;;;;;;;;;;;x
VIETmisc.9172.desc;xxxxx;;;;;;;;;;;x
VIETmisc.9172.a;Xxxxxxffff;;;;;;;;;;;;;x
VIETmisc.9173.tooltip;xxxxx;;;;;;;;;;;x
VIETmisc.9173.title;xxxxx;;;;;;;;;;;x
VIETmisc.9173.desc;xxxxx;;;;;;;;;;;x
VIETmisc.9173.a;Xxxxxxffff;;;;;;;;;;;;;x
VIETmisc.9174.tooltip;xxxxx;;;;;;;;;;;x
VIETmisc.9174.title;xxxxx;;;;;;;;;;;x
VIETmisc.9174.desc;xxxxx;;;;;;;;;;;x
VIETmisc.9174.a;Xxxxxxffff;;;;;;;;;;;;;x
VIETmisc.9175.tooltip;xxxxx;;;;;;;;;;;x
VIETmisc.9175.title;xxxxx;;;;;;;;;;;x
VIETmisc.9175.desc;xxxxx;;;;;;;;;;;x
VIETmisc.9175.a;Xxxxxxffff;;;;;;;;;;;;;x
VIETmisc.9176.tooltip;xxxxx;;;;;;;;;;;x
VIETmisc.9176.title;xxxxx;;;;;;;;;;;x
VIETmisc.9176.desc;xxxxx;;;;;;;;;;;x
VIETmisc.9176.a;Xxxxxxffff;;;;;;;;;;;;;x
VIETmisc.9177.tooltip;xxxxx;;;;;;;;;;;x
VIETmisc.9177.title;xxxxx;;;;;;;;;;;x
VIETmisc.9177.desc;xxxxx;;;;;;;;;;;x
VIETmisc.9177.a;Xxxxxxffff;;;;;;;;;;;;;x
VIETmisc.9178.tooltip;xxxxx;;;;;;;;;;;x
VIETmisc.9178.title;xxxxx;;;;;;;;;;;x
VIETmisc.9178.desc;xxxxx;;;;;;;;;;;x
VIETmisc.9178.a;Xxxxxxffff;;;;;;;;;;;;;x
VIETmisc.9179.tooltip;xxxxx;;;;;;;;;;;x
VIETmisc.9179.title;xxxxx;;;;;;;;;;;x
VIETmisc.9179.desc;xxxxx;;;;;;;;;;;x
VIETmisc.9179.a;Xxxxxxffff;;;;;;;;;;;;;x
VIETmisc.9180.tooltip;xxxxx;;;;;;;;;;;x
VIETmisc.9180.title;xxxxx;;;;;;;;;;;x
VIETmisc.9180.desc;xxxxx;;;;;;;;;;;x
VIETmisc.9180.a;Xxxxxxffff;;;;;;;;;;;;;x
VIETmisc.9181.tooltip;xxxxx;;;;;;;;;;;x
VIETmisc.9181.title;xxxxx;;;;;;;;;;;x
VIETmisc.9181.desc;xxxxx;;;;;;;;;;;x
VIETmisc.9181.a;Xxxxxxffff;;;;;;;;;;;;;x
VIETmisc.9182.tooltip;xxxxx;;;;;;;;;;;x
VIETmisc.9182.title;xxxxx;;;;;;;;;;;x
VIETmisc.9182.desc;xxxxx;;;;;;;;;;;x
VIETmisc.9182.a;Xxxxxxffff;;;;;;;;;;;;;x
VIETmisc.9183.tooltip;xxxxx;;;;;;;;;;;x
VIETmisc.9183.title;xxxxx;;;;;;;;;;;x
VIETmisc.9183.desc;xxxxx;;;;;;;;;;;x
VIETmisc.9183.a;Xxxxxxffff;;;;;;;;;;;;;x
VIETmisc.9184.tooltip;xxxxx;;;;;;;;;;;x
VIETmisc.9184.title;xxxxx;;;;;;;;;;;x
VIETmisc.9184.desc;xxxxx;;;;;;;;;;;x
VIETmisc.9184.a;Xxxxxxffff;;;;;;;;;;;;;x
VIETmisc.9185.tooltip;xxxxx;;;;;;;;;;;x
VIETmisc.9185.title;xxxxx;;;;;;;;;;;x
VIETmisc.9185.desc;xxxxx;;;;;;;;;;;x
VIETmisc.9185.a;Xxxxxxffff;;;;;;;;;;;;;x
VIETmisc.9186.tooltip;xxxxx;;;;;;;;;;;x
VIETmisc.9186.title;xxxxx;;;;;;;;;;;x
VIETmisc.9186.desc;xxxxx;;;;;;;;;;;x
VIETmisc.9186.a;Xxxxxxffff;;;;;;;;;;;;;x
VIETmisc.9187.tooltip;xxxxx;;;;;;;;;;;x
VIETmisc.9187.title;xxxxx;;;;;;;;;;;x
VIETmisc.9187.desc;xxxxx;;;;;;;;;;;x
VIETmisc.9187.a;Xxxxxxffff;;;;;;;;;;;;;x
VIETmisc.9188.tooltip;xxxxx;;;;;;;;;;;x
VIETmisc.9188.title;xxxxx;;;;;;;;;;;x
VIETmisc.9188.desc;xxxxx;;;;;;;;;;;x
VIETmisc.9188.a;Xxxxxxffff;;;;;;;;;;;;;x
VIETmisc.9189.tooltip;xxxxx;;;;;;;;;;;x
VIETmisc.9189.title;xxxxx;;;;;;;;;;;x
VIETmisc.9189.desc;xxxxx;;;;;;;;;;;x
VIETmisc.9189.a;Xxxxxxffff;;;;;;;;;;;;;x
VIETmisc.9190.tooltip;xxxxx;;;;;;;;;;;x
VIETmisc.9190.title;xxxxx;;;;;;;;;;;x
VIETmisc.9190.desc;xxxxx;;;;;;;;;;;x
VIETmisc.9190.a;Xxxxxxffff;;;;;;;;;;;;;x
VIETmisc.9191.tooltip;xxxxx;;;;;;;;;;;x
VIETmisc.9191.title;xxxxx;;;;;;;;;;;x
VIETmisc.9191.desc;xxxxx;;;;;;;;;;;x
VIETmisc.9191.a;Xxxxxxffff;;;;;;;;;;;;;x
VIETmisc.9192.tooltip;xxxxx;;;;;;;;;;;x
VIETmisc.9192.title;xxxxx;;;;;;;;;;;x
VIETmisc.9192.desc;xxxxx;;;;;;;;;;;x
VIETmisc.9192.a;Xxxxxxffff;;;;;;;;;;;;;x
VIETmisc.9193.tooltip;xxxxx;;;;;;;;;;;x
VIETmisc.9193.title;xxxxx;;;;;;;;;;;x
VIETmisc.9193.desc;xxxxx;;;;;;;;;;;x
VIETmisc.9193.a;Xxxxxxffff;;;;;;;;;;;;;x
VIETmisc.9194.tooltip;xxxxx;;;;;;;;;;;x
VIETmisc.9194.title;xxxxx;;;;;;;;;;;x
VIETmisc.9194.desc;xxxxx;;;;;;;;;;;x
VIETmisc.9194.a;Xxxxxxffff;;;;;;;;;;;;;x
VIETmisc.9195.tooltip;xxxxx;;;;;;;;;;;x
VIETmisc.9195.title;xxxxx;;;;;;;;;;;x
VIETmisc.9195.desc;xxxxx;;;;;;;;;;;x
VIETmisc.9195.a;Xxxxxxffff;;;;;;;;;;;;;x
VIETmisc.9196.tooltip;xxxxx;;;;;;;;;;;x
VIETmisc.9196.title;xxxxx;;;;;;;;;;;x
VIETmisc.9196.desc;xxxxx;;;;;;;;;;;x
VIETmisc.9196.a;Xxxxxxffff;;;;;;;;;;;;;x
VIETmisc.9197.tooltip;xxxxx;;;;;;;;;;;x
VIETmisc.9197.title;xxxxx;;;;;;;;;;;x
VIETmisc.9197.desc;xxxxx;;;;;;;;;;;x
VIETmisc.9197.a;Xxxxxxffff;;;;;;;;;;;;;x
VIETmisc.9198.tooltip;xxxxx;;;;;;;;;;;x
VIETmisc.9198.title;xxxxx;;;;;;;;;;;x
VIETmisc.9198.desc;xxxxx;;;;;;;;;;;x
VIETmisc.9198.a;Xxxxxxffff;;;;;;;;;;;;;x
VIETmisc.9199.tooltip;xxxxx;;;;;;;;;;;x
VIETmisc.9199.title;xxxxx;;;;;;;;;;;x
VIETmisc.9199.desc;xxxxx;;;;;;;;;;;x
VIETmisc.9199.a;Xxxxxxffff;;;;;;;;;;;;;x
