prestige;Authority;Prestige;Prestige;Prestige;Prestigio;Prestigio;Presztízs;Prestiž;;;;;;x
PRESTIGE_EFFECT;$DIRECTION$ $VALUE$ Authority.\n;$DIRECTION$ $VALUE$ en prestige.\n;$DIRECTION$ $VALUE$ Prestige.\n;$DIRECTION$ $VALUE$ presti¿u.\n;Una $DIRECTION$ de $VALUE$ en prestigio.\n;Prestigio: $DIRECTION$ $VALUE$.\n;$DIRECTION$ $VALUE$ presztizs.\n;;;;;;;x
DYNA_PRESTIGE;Authority:;Prestige:;Prestige:;;Prestigio:;;;;;;;;;x
MONTHLY_PRESTIGE;Monthly Authority;Prestige mensuel;Monatliches Prestige;;Prestigio mensual;;;;;;;;;x
MONTHLY_CHARACTER_PRESTIGE;Monthly Authority;Prestige mensuel;Monatliches Prestige;;Prestigio mensual;;;;;;;;;x
PLAYER_HEIR_DESC;The Dynastic Heir is the legal successor to a character. If a player has no Dynastic Heir, the game will end. On succession, the Authority and Piety of a character is carried over to the Heir in the form of Score.;L'Héritier dynastique est le successeur légal d'un personnage. Si un joueur n'a pas d'Héritier légal, la partie sera finie. Lors de la succession, le Prestige et la Piété d'un personnage sont transmis à l'Héritier sous forme de score.;Der Erbe der Dynastie ist der rechtmäßige Nachfolger eines Charakters. Hat ein Spieler keinen Erben, so führt das zur Niederlage. Durch den Aufstieg zum Thron werden dem Erben auch das Prestige und die Frömmigkeit seines Vorgängers in Form eines Punktewerts übertragen.;;El Heredero Dinástico es el sucesor legal de un personaje. Si un jugador carece de Heredero Dinástico, el juego terminará. Durante la sucesión, el Prestigio y la Piedad de un personaje se transfieren al Heredero en forma de Puntuación.;;;;;;;;;x
HAS_LOWER_PRESTIGE_THAN;Has Lower Authority than ;A un prestige inférieur à ;Hat geringeres Prestige als;;Tiene un Prestigio inferior a;;;;;;;;;x
HAS_HIGHER_PRESTIGE_THAN;Has Authority of at least ;A un prestige supérieur ou égal à ;Prestige mindestens:;;Tiene un Prestigio mínimo de;;;;;;;;;x
DECLARE_WAR_INTERACTION_0;Breaking the Truce (ends on §Y$DATE$§!) would cost you §R$PRESTIGE$§! Authority and lower all §Y[Recipient.Religion.GetGroupName]§! rulers' opinion of you by §R$OPINION$§!. You will be considered a '§YTruce Breaker§!' (§R-5§! Diplomacy for §Y5§! years.);Briser la trève (celle-ci termine le §Y$DATE$§!) vous coûterait §R$PRESTIGE$§! Authorité et dimunuerait de §R$OPINION$§! l'opinion qu'a de vous tous les dirigeants §Y[Recipient.Religion.GetGroupName]§! . Vous serez considéré un '§YBriseur de Trèves§!' (§R-5§!Diplomacie pour §Y5§! ans.);Ein Bruch des Waffenstillstands (der §Y$DATE$§! endet) würde Euch §R$PRESTIGE$§! Prestige kosten und die Meinung aller Herrscher vom §Y[Recipient.Religion.GetGroupName]§!-Glauben von Euch um §R$OPINION$§! verschlechtern. Ihr würdet außerdem als "§YEidbrecher§!" angesehen werden (§R-5§! Diplomatie für §Y5§! Jahre);;Romper la tregua (dura hasta §Y$DATE$§!) te costará §R$PRESTIGE$§! prestigio y reducirá la opinión de todos los gobernantes §Y[Recipient.Religion.GetGroupName]§! hacía ti. Además serás considerado un '§YViolador de Treguas§! (§R-5§! diplomacia durante §Y5§! años.);;;;;;;;;x
DECLARE_WAR_INTERACTION_2;Attacking an ally would cost us §R$PRESTIGE$§! Authority;Attaquer un allié nous coûterait §R$PRESTIGE$§! de prestige.;Ein Angriff auf einen Verbündeten würde uns §R$PRESTIGE$§! Prestige kosten;;Atacar a un aliado nos costaría §R$PRESTIGE$§! de Prestigio.;;;;;;;;;x
OFFER_MARRIGE_INTERACTION_2A;Propose that §Y[ActorExtra.GetTitledFirstName]§W and §Y[RecipientExtra.GetTitledFirstName]§W get married. As the relative of a $MYPARTYTIER$, §Y$MYPARTY$§W would gain $PRESTIGE$ authority from marrying into §YHouse [RecipientExtra.GetOnlyDynastyName]§W and $PRESTIGE2$ from marrying the relative of a $THEIRPARTYTIER$.;Proposez que §Y[ActorExtra.GetTitledFirstName]§W et §Y[RecipientExtra.GetTitledFirstName]§W se marrient. En tant que proche parent d'un $MYPARTYTIER$, §Y$MYPARTY$§W gagnerait $PRESTIGE$ prestige en se marriant avec quelqu'un de la maison §YHouse [RecipientExtra.GetOnlyDynastyName]§W et $PRESTIGE2$ pour avoir épousé un proche parent d'un $THEIRPARTYTIER$.;Die Heirat von §Y[ActorExtra.GetTitledFirstName]§W und §Y[RecipientExtra.GetTitledFirstName]§W vorschlagen. Als ein Verwandter von einem $MYPARTYTIER$ würde §Y$MYPARTY$§W $PRESTIGE$ Prestige dafür erhalten in das §YHaus [RecipientExtra.GetOnlyDynastyName]§W einzuheiraten und $PRESTIGE2$ Prestige für die Heirat mit einem Verwandten von einem $THEIRPARTYTIER$.;;Propón que §Y[ActorExtra.GetTitledFirstName]§W y §Y[RecipientExtra.GetTitledFirstName]§W se casen. Como familiar de un $MYPARTYTIER$, §Y$MYPARTY$§! ganará $PRESTIGE$ prestigio por casarse con la §YCasa [RecipientExtra.GetOnlyDynastyName]§W y $PRESTIGE2$ por casarse con un familiar de un $THEIRPARTYTIER$.;;;;;;;;;x
OFFER_MARRIGE_INTERACTION_2B;Propose that §Y[ActorExtra.GetTitledFirstName]§W and §Y[RecipientExtra.GetTitledFirstName]§W get married. As the relative of a $MYPARTYTIER$, §Y$MYPARTY$§W and you would gain $PRESTIGE$ authority from marrying into §YHouse [RecipientExtra.GetOnlyDynastyName]§W and $PRESTIGE2$ from marrying the relative of a $THEIRPARTYTIER$.;Proposez que §Y[ActorExtra.GetTitledFirstName]§W et §Y[RecipientExtra.GetTitledFirstName]§W se marrient. En tant que proche parent d'un $MYPARTYTIER$, §Y$MYPARTY$§W et vous gagneriez $PRESTIGE$ prestige en se marriant avec quelqu'un de la maison §YHouse [RecipientExtra.GetOnlyDynastyName]§W et $PRESTIGE2$ pour avoir épousé un proche parent d'un $THEIRPARTYTIER$.;Die Heirat von §Y[ActorExtra.GetTitledFirstName]§W und §Y[RecipientExtra.GetTitledFirstName]§W vorschlagen. Als ein Verwandter von einem $MYPARTYTIER$ würden §Y$MYPARTY$§W und Ihr je $PRESTIGE$ Prestige dafür erhalten in das §YHaus [RecipientExtra.GetOnlyDynastyName]§W einzuheiraten und $PRESTIGE2$ Prestige für die Heirat mit einem Verwandten von einem $THEIRPARTYTIER$.;;Propón que §Y[ActorExtra.GetTitledFirstName]§W y §Y[RecipientExtra.GetTitledFirstName]§W se casen. Como familiar de un $MYPARTYTIER$, §Y$MYPARTY$§W y tú ganaréis $PRESTIGE$ prestigio por casarse con la §YCasa [RecipientExtra.GetOnlyDynastyName]§W y $PRESTIGE2$ por casarse con un familiar de un $THEIRPARTYTIER$.;;;;;;;;;x
OFFER_MARRIGE_INTERACTION_2C;Propose that §Y[ActorExtra.GetTitledFirstName]§W and §Y[RecipientExtra.GetTitledFirstName]§W get married. As a $MYPARTYTIER$, §Y$MYPARTY$§W would gain $PRESTIGE$ authority from marrying into §YHouse [RecipientExtra.GetOnlyDynastyName]§W and $PRESTIGE2$ from marrying the relative of a $THEIRPARTYTIER$.;Proposez que §Y[ActorExtra.GetTitledFirstName]§W et §Y[RecipientExtra.GetTitledFirstName]§W se marrient. En tant que $MYPARTYTIER$, §Y$MYPARTY$§W gagnerait $PRESTIGE$ prestige en se marriant avec quelqu'un de la maison §YHouse [RecipientExtra.GetOnlyDynastyName]§W et $PRESTIGE2$ pour avoir épousé un proche parent d'un $THEIRPARTYTIER$.;Die Heirat von §Y[ActorExtra.GetTitledFirstName]§W und §Y[RecipientExtra.GetTitledFirstName]§W vorschlagen. Als ein $MYPARTYTIER$ würde §Y$MYPARTY$§W $PRESTIGE$ Prestige dafür erhalten in das §YHaus [RecipientExtra.GetOnlyDynastyName]§W einzuheiraten und $PRESTIGE2$ Prestige für die Heirat mit einem Verwandten von einem $THEIRPARTYTIER$.;;Propón que §Y[ActorExtra.GetTitledFirstName]§W y §Y[RecipientExtra.GetTitledFirstName]§W se casen. Como un $MYPARTYTIER$, §Y$MYPARTY$§W ganará $PRESTIGE$ prestigio por casarse con la §YCasa [RecipientExtra.GetOnlyDynastyName]§W y $PRESTIGE2$ por casarse con un familiar de un $THEIRPARTYTIER$.;;;;;;;;;x
OFFER_MARRIGE_INTERACTION_2D;Propose that §Y[ActorExtra.GetTitledFirstName]§W and §Y[RecipientExtra.GetTitledFirstName]§W get married. As a $MYPARTYTIER$, §Y$MYPARTY$§W and you would gain $PRESTIGE$ authority from marrying into §YHouse [RecipientExtra.GetOnlyDynastyName]§W and $PRESTIGE2$ from marrying the relative of a $THEIRPARTYTIER$.;Proposez que §Y[ActorExtra.GetTitledFirstName]§W et §Y[RecipientExtra.GetTitledFirstName]§W se marrient. En tant que $MYPARTYTIER$, §Y$MYPARTY$§W et vous gagneriez $PRESTIGE$ prestige en se marriant avec quelqu'un de la maison §YHouse [RecipientExtra.GetOnlyDynastyName]§W et $PRESTIGE2$ pour avoir épousé le proche parent d'un $THEIRPARTYTIER$.;Die Heirat von §Y[ActorExtra.GetTitledFirstName]§W und §Y[RecipientExtra.GetTitledFirstName]§W vorschlagen. Als ein $MYPARTYTIER$ würden §Y$MYPARTY$§W und Ihr je $PRESTIGE$ Prestige dafür erhalten in das §YHaus [RecipientExtra.GetOnlyDynastyName]§W einzuheiraten und $PRESTIGE2$ Prestige für die Heirat mit einem Verwandten von einem $THEIRPARTYTIER$.;;Propón que §Y[ActorExtra.GetTitledFirstName]§W y §Y[RecipientExtra.GetTitledFirstName]§W se casen. Como un $MYPARTYTIER$, §Y$MYPARTY$§W y tú ganaréis $PRESTIGE$ prestigio por casarse con la §YCasa [RecipientExtra.GetOnlyDynastyName]§W y $PRESTIGE2$ por casarse con un familiar de un $THEIRPARTYTIER$.;;;;;;;;;x
OFFER_MARRIGE_INTERACTION_2E;Propose that §Y[ActorExtra.GetTitledFirstName]§W and §Y[RecipientExtra.GetTitledFirstName]§W get married. As the relative of a $MYPARTYTIER$, §Y$MYPARTY$§W would gain $PRESTIGE$ authority from marrying into §YHouse [RecipientExtra.GetOnlyDynastyName]§W and $PRESTIGE2$ from marrying a $THEIRPARTYTIER$.;Proposez que §Y[ActorExtra.GetTitledFirstName]§W et §Y[RecipientExtra.GetTitledFirstName]§W se marrient. En tant que proche parent d'un $MYPARTYTIER$, §Y$MYPARTY$§W gagnerait $PRESTIGE$ prestige en se marriant avec quelqu'un de la maison §YHouse [RecipientExtra.GetOnlyDynastyName]§W and $PRESTIGE2$ pour avoir épousé une $THEIRPARTYTIER$.;Die Heirat von §Y[ActorExtra.GetTitledFirstName]§W und §Y[RecipientExtra.GetTitledFirstName]§W vorschlagen. Als ein Verwandter von einem $MYPARTYTIER$ würde §Y$MYPARTY$§W $PRESTIGE$ Prestige dafür erhalten in das §YHaus [RecipientExtra.GetOnlyDynastyName]§W einzuheiraten und $PRESTIGE2$ Prestige für die Heirat mit einem $THEIRPARTYTIER$.;;Propón que §Y[ActorExtra.GetTitledFirstName]§W y §Y[RecipientExtra.GetTitledFirstName]§W se casen. Como familiar de un $MYPARTYTIER$, §Y$MYPARTY$§W ganará $PRESTIGE$ prestigio por casarse con la §YCasa [RecipientExtra.GetOnlyDynastyName]§W y $PRESTIGE2$ por casarse con un $THEIRPARTYTIER$.;;;;;;;;;x
OFFER_MARRIGE_INTERACTION_2F;Propose that §Y[ActorExtra.GetTitledFirstName]§W and §Y[RecipientExtra.GetTitledFirstName]§W get married. As the relative of a $MYPARTYTIER$, §Y$MYPARTY$§W and you would gain $PRESTIGE$ authority from marrying into §YHouse [RecipientExtra.GetOnlyDynastyName]§W and $PRESTIGE2$ from marrying a $THEIRPARTYTIER$.;Proposez que §Y[ActorExtra.GetTitledFirstName]§W et §Y[RecipientExtra.GetTitledFirstName]§W se marrient. En tant que proche parent d'un $MYPARTYTIER$, §Y$MYPARTY$§W et vous gagneriez $PRESTIGE$ prestige en se marriant avec quelqu'un de la maison §YHouse [RecipientExtra.GetOnlyDynastyName]§W et $PRESTIGE2$ pour avoir épousé une $THEIRPARTYTIER$.;Die Heirat von §Y[ActorExtra.GetTitledFirstName]§W und §Y[RecipientExtra.GetTitledFirstName]§W vorschlagen. Als ein Verwandter von einem $MYPARTYTIER$ würden §Y$MYPARTY$§W und Ihr je $PRESTIGE$ Prestige dafür erhalten in das §YHaus [RecipientExtra.GetOnlyDynastyName]§W einzuheiraten und $PRESTIGE2$ Prestige für die Heirat mit einem $THEIRPARTYTIER$.;;Propón que §Y[ActorExtra.GetTitledFirstName]§W y §Y[RecipientExtra.GetTitledFirstName]§W se casen. Como familiar de un $MYPARTYTIER$, §Y$MYPARTY$§W y tú ganaréis $PRESTIGE$ prestigio por casarse con la §YCasa [RecipientExtra.GetOnlyDynastyName]§W y $PRESTIGE2$ por casarse con un $THEIRPARTYTIER$.;;;;;;;;;x
OFFER_MARRIGE_INTERACTION_2G;Propose that §Y[ActorExtra.GetTitledFirstName]§W and §Y[RecipientExtra.GetTitledFirstName]§W get married. As a $MYPARTYTIER$, §Y$MYPARTY$§W would gain $PRESTIGE$ authority from marrying into §YHouse [RecipientExtra.GetOnlyDynastyName]§W and $PRESTIGE2$ from marrying a $THEIRPARTYTIER$.;Proposez que §Y[ActorExtra.GetTitledFirstName]§W et §Y[RecipientExtra.GetTitledFirstName]§W se marrient. En tant que $MYPARTYTIER$, §Y$MYPARTY$§W gagnerait $PRESTIGE$ prestige en se marriant avec quelqu'un de la maison §YHouse [RecipientExtra.GetOnlyDynastyName]§W et $PRESTIGE2$ pour avoir épousé une $THEIRPARTYTIER$.;Die Heirat von §Y[ActorExtra.GetTitledFirstName]§W und §Y[RecipientExtra.GetTitledFirstName]§W vorschlagen. Als ein $MYPARTYTIER$ würde §Y$MYPARTY$§W $PRESTIGE$ Prestige dafür erhalten in das §YHaus [RecipientExtra.GetOnlyDynastyName]§W einzuheiraten und $PRESTIGE2$ Prestige für die Heirat mit einem $THEIRPARTYTIER$.;;Propón que §Y[ActorExtra.GetTitledFirstName]§W y §Y[RecipientExtra.GetTitledFirstName]§W se casen. Como un $MYPARTYTIER$, §Y$MYPARTY$§W ganará $PRESTIGE$ prestigio por casarse con la §YCasa [RecipientExtra.GetOnlyDynastyName]§W y $PRESTIGE2$ por casarse con un $THEIRPARTYTIER$.;;;;;;;;;x
OFFER_MARRIGE_INTERACTION_2H;Propose that §Y[ActorExtra.GetTitledFirstName]§W and §Y[RecipientExtra.GetTitledFirstName]§W get married. As a $MYPARTYTIER$, §Y$MYPARTY$§W and you would gain $PRESTIGE$ authority from marrying into §YHouse [RecipientExtra.GetOnlyDynastyName]§W and $PRESTIGE2$ from marrying a $THEIRPARTYTIER$.;Proposez que §Y[ActorExtra.GetTitledFirstName]§W et §Y[RecipientExtra.GetTitledFirstName]§W se marrient. En tant que $MYPARTYTIER$, §Y$MYPARTY$§W et vous gagneriez $PRESTIGE$ prestige en se marriant avec quelqu'un de la maison §YHouse [RecipientExtra.GetOnlyDynastyName]§W et $PRESTIGE2$ pour avoir épousé une $THEIRPARTYTIER$.;Die Heirat von §Y[ActorExtra.GetTitledFirstName]§W und §Y[RecipientExtra.GetTitledFirstName]§W vorschlagen. Als ein $MYPARTYTIER$ würden §Y$MYPARTY$§W und Ihr je $PRESTIGE$ Prestige dafür erhalten in das §YHaus [RecipientExtra.GetOnlyDynastyName]§W einzuheiraten und $PRESTIGE2$ Prestige für die Heirat mit einem $THEIRPARTYTIER$.;;Propón que §Y[ActorExtra.GetTitledFirstName]§W y §Y[RecipientExtra.GetTitledFirstName]§W se casen. Como un $MYPARTYTIER$, §Y$MYPARTY$§W y tú ganaréis $PRESTIGE$ prestigio por casarse con la §YCasa [RecipientExtra.GetOnlyDynastyName]§W y $PRESTIGE2$ por casarse con un $THEIRPARTYTIER$.;;;;;;;;;x
OFFER_MARRIGE_INTERACTION_LONG_DESC;Marriage and the choice of a spouse is important for several reasons:\n- You need to produce heirs lest your line end, and the game with it!\n- Half of your spouse's attribute values are added to your own.\n- You can call your in-laws to war (including those of your children and siblings)\n- Characters gain authority by marrying above their rank\n- Characters gain authority by marrying into a prestigious Dynasty;Le mariage et le choix d’un conjoint sont importants pour différentes raisons :\n- Il vous faut des héritiers, à défaut de quoi votre lignée prendra fin, tout comme la partie !\n- La moitié de la valeur des caractéristiques de votre conjoint est ajoutée à la vôtre.\n- Vous pouvez demander à vos beaux-parents de faire la guerre avec vous (y compris à ceux de vos enfants et frères et sœurs)\n- En se mariant au-dessus de leur rang, les personnages gagnent en prestige \n- En se mariant à une prestigieuse dynastie, les personnages gagnent en prestige.;Die Heirat und die Wahl des Ehepartners ist aus mehreren Gründen wichtig:\n- Ihr müsst für Erben sorgen, weil sonst Eure Linie endet, und das Spiel gleich mit!\n- Die Hälfte der Merkmalswerte Eures Ehepartners werden Euren eigenen hinzugefügt.\n- Ihr könnt angeheiratete Verwandte (auch die Eurer Kinder und Geschwister) zu den Waffen rufen\n- Charaktere gewinnen durch Heirat mit ranghöheren Ehepartnern an Prestige\n- Charaktere gewinnen durch Einheiraten in eine angesehene Dynastie an Prestige;;Matrimonio y elección de cónyuge son importantes por varias razones:\n- Debes tener herederos para garantizar la continuidad de tu linaje ¡y la del juego!\n- La mitad del valor de los atributos de tu cónyuge se añade a los tuyos.\n- Puedes llamar a tu familia política a la guerra (incluida la de tus hijos y hermanos).\n- Los personajes ganan prestigio casándose con alguien de rango superior.\n- Los personajes ganan prestigio casándose en una dinastía prestigiosa.;;;;;;;;;x
OFFER_SUCCESSION_MARRIGE_INTERACTION_2;Propose that §Y[ActorExtra.GetTitledFirstName]§W and §Y[RecipientExtra.GetTitledFirstName]§W get married matrilineally. §Y$MYPARTY$§W would gain $PRESTIGE$ authority from marrying into §YHouse $HOUSE$§W and $PRESTIGE2$ from marrying a $THEIRPARTYTITLE$.;Proposer que §Y[ActorExtra.GetTitledFirstName]§! et §Y[RecipientExtra.GetTitledFirstName]§! se marient de façon matrilinéaire. §Y$MYPARTY$§! pourrait gagner $PRESTIGE$ prestige en entrant dans la §YMaison $HOUSE$§! et $PRESTIGE2$ en se mariant à $THEIRPARTYTITLE$.;"Schlagt vor, dass §Y[ActorExtra.GetTitledFirstName]§W und §Y[RecipientExtra.GetTitledFirstName]§W matrilinear heiraten. §Y$MYPARTY$§W würde durch das Einheiraten in §YHouse $HOUSE$§W $PRESTIGE$ Ansehen gewinnen - und $PRESTIGE2$ durch die Heirat eines $THEIRPARTYTITLE$.";;Proponer que §Y[ActorExtra.GetTitledFirstName]§W y §Y[RecipientExtra.GetTitledFirstName]§W se casen por línea materna. §Y$MYPARTY$§W ganaría prestigio $PRESTIGE$ de casarse en el §YHouse $HOUSE$§W y $PRESTIGE2$ se case con un $THEIRPARTYTITLE$.;;;;;;;;;x
OFFER_SUCCESSION_MARRIGE_INTERACTION_2A;Propose that §Y[ActorExtra.GetTitledFirstName]§W and §Y[RecipientExtra.GetTitledFirstName]§W get married matrilineally. As the relative of a $MYPARTYTIER$, §Y$MYPARTY$§W would gain $PRESTIGE$ authority from marrying into §YHouse [RecipientExtra.GetOnlyDynastyName]§W and $PRESTIGE2$ from marrying the relative of a $THEIRPARTYTIER$.;Proposez que §Y[ActorExtra.GetTitledFirstName]§W et §Y[RecipientExtra.GetTitledFirstName]§W concluent un marriage matrilinéaire. En tant que proche parent d'un $MYPARTYTIER$, §Y$MYPARTY$§W gagnerait $PRESTIGE$ prestige en se marriant avec quelqu'un de la maison §YHouse [RecipientExtra.GetOnlyDynastyName]§W and $PRESTIGE2$ pour avoir épousé le proche parent d'un $THEIRPARTYTIER$.;Die matrilineare Heirat von §Y[ActorExtra.GetTitledFirstName]§W und §Y[RecipientExtra.GetTitledFirstName]§W vorschlagen. Als ein Verwandter von einem $MYPARTYTIER$ würde §Y$MYPARTY$§W $PRESTIGE$ Prestige dafür erhalten in das §YHaus [RecipientExtra.GetOnlyDynastyName]§W einzuheiraten und $PRESTIGE2$ Prestige für die Heirat mit einem Verwandten von einem $THEIRPARTYTIER$.;;Propón que §Y[ActorExtra.GetTitledFirstName]§W y §Y[RecipientExtra.GetTitledFirstName]§W se casen matrilinealmente. Como familiar de un $MYPARTYTIER$, §Y$MYPARTY$§! ganará $PRESTIGE$ prestigio por casarse con la §YCasa [RecipientExtra.GetOnlyDynastyName]§W y $PRESTIGE2$ por casarse con un familiar de un $THEIRPARTYTIER$.;;;;;;;;;x
OFFER_SUCCESSION_MARRIGE_INTERACTION_2B;Propose that §Y[ActorExtra.GetTitledFirstName]§W and §Y[RecipientExtra.GetTitledFirstName]§W get married matrilineally. As the relative of a $MYPARTYTIER$, §Y$MYPARTY$§W and you would gain $PRESTIGE$ authority from marrying into §YHouse [RecipientExtra.GetOnlyDynastyName]§W and $PRESTIGE2$ from marrying the relative of a $THEIRPARTYTIER$.;Proposez que §Y[ActorExtra.GetTitledFirstName]§W et §Y[RecipientExtra.GetTitledFirstName]§W concluent un marriage matrilinéaire. En tant que proche parent d'un $MYPARTYTIER$, §Y$MYPARTY$§W et vous gagneriez $PRESTIGE$ prestige en se marriant avec quelqu'un de la maison §YHouse [RecipientExtra.GetOnlyDynastyName]§W et $PRESTIGE2$ pour avoir épousé le proche parent d'un $THEIRPARTYTIER$.;Die matrilineare Heirat von §Y[ActorExtra.GetTitledFirstName]§W und §Y[RecipientExtra.GetTitledFirstName]§W vorschlagen. Als ein Verwandter von einem $MYPARTYTIER$ würden §Y$MYPARTY$§W und Ihr je $PRESTIGE$ Prestige dafür erhalten in das §YHaus [RecipientExtra.GetOnlyDynastyName]§W einzuheiraten und $PRESTIGE2$ Prestige für die Heirat mit einem Verwandten von einem $THEIRPARTYTIER$.;;Propón que §Y[ActorExtra.GetTitledFirstName]§W y §Y[RecipientExtra.GetTitledFirstName]§W se casen matrilinealmente. Como familiar de un $MYPARTYTIER$, §Y$MYPARTY$§W y tú ganaréis $PRESTIGE$ prestigio por casarse con la §YCasa [RecipientExtra.GetOnlyDynastyName]§W y $PRESTIGE2$ por casarse con un familiar de un $THEIRPARTYTIER$.;;;;;;;;;x
OFFER_SUCCESSION_MARRIGE_INTERACTION_2C;Propose that §Y[ActorExtra.GetTitledFirstName]§W and §Y[RecipientExtra.GetTitledFirstName]§W get married matrilineally. As a $MYPARTYTIER$, §Y$MYPARTY$§W would gain $PRESTIGE$ authority from marrying into §YHouse [RecipientExtra.GetOnlyDynastyName]§W and $PRESTIGE2$ from marrying the relative of a $THEIRPARTYTIER$.;Proposez que §Y[ActorExtra.GetTitledFirstName]§W et §Y[RecipientExtra.GetTitledFirstName]§W concluent un marriage matrilinéaire. En tant que $MYPARTYTIER$, §Y$MYPARTY$§W gagnerait $PRESTIGE$ prestige en se marriant avec quelqu'un de la maison §YHouse [RecipientExtra.GetOnlyDynastyName]§W et $PRESTIGE2$ pour avoir épousé le proche parent d'un $THEIRPARTYTIER$.;Die matrilineare Heirat von §Y[ActorExtra.GetTitledFirstName]§W und §Y[RecipientExtra.GetTitledFirstName]§W vorschlagen. Als ein $MYPARTYTIER$ würde §Y$MYPARTY$§W $PRESTIGE$ Prestige dafür erhalten in das §YHaus [RecipientExtra.GetOnlyDynastyName]§W einzuheiraten und $PRESTIGE2$ Prestige für die Heirat mit einem Verwandten von einem $THEIRPARTYTIER$.;;Propón que §Y[ActorExtra.GetTitledFirstName]§W y §Y[RecipientExtra.GetTitledFirstName]§W se casen matrilinealmente. Como un $MYPARTYTIER$, §Y$MYPARTY$§W ganará $PRESTIGE$ prestigio por casarse con la §YCasa [RecipientExtra.GetOnlyDynastyName]§W y $PRESTIGE2$ por casarse con un familiar de un $THEIRPARTYTIER$.;;;;;;;;;x
OFFER_SUCCESSION_MARRIGE_INTERACTION_2D;Propose that §Y[ActorExtra.GetTitledFirstName]§W and §Y[RecipientExtra.GetTitledFirstName]§W get married matrilineally. As a $MYPARTYTIER$, §Y$MYPARTY$§W and you would gain $PRESTIGE$ authority from marrying into §YHouse [RecipientExtra.GetOnlyDynastyName]§W and $PRESTIGE2$ from marrying the relative of a $THEIRPARTYTIER$.;Proposez que §Y[ActorExtra.GetTitledFirstName]§W et §Y[RecipientExtra.GetTitledFirstName]§W concluent un marriage matrilinéaire. En tant que $MYPARTYTIER$, §Y$MYPARTY$§W et vous gagneriez $PRESTIGE$ prestige en se marriant avec quelqu'un de la maison §YHouse [RecipientExtra.GetOnlyDynastyName]§W et $PRESTIGE2$ pour avoir épousé le proche parent d'un $THEIRPARTYTIER$.;Die matrilineare Heirat von §Y[ActorExtra.GetTitledFirstName]§W und §Y[RecipientExtra.GetTitledFirstName]§W vorschlagen. Als ein $MYPARTYTIER$ würden §Y$MYPARTY$§W und Ihr je $PRESTIGE$ Prestige dafür erhalten in das §YHaus [RecipientExtra.GetOnlyDynastyName]§W einzuheiraten und $PRESTIGE2$ Prestige für die Heirat mit einem Verwandten von einem $THEIRPARTYTIER$.;;Propón que §Y[ActorExtra.GetTitledFirstName]§W y §Y[RecipientExtra.GetTitledFirstName]§W se casen matrilinealmente. Como un $MYPARTYTIER$, §Y$MYPARTY$§W y tú ganaréis $PRESTIGE$ prestigio por casarse con la §YCasa [RecipientExtra.GetOnlyDynastyName]§W y $PRESTIGE2$ por casarse con un familiar de un $THEIRPARTYTIER$.;;;;;;;;;x
OFFER_SUCCESSION_MARRIGE_INTERACTION_2E;Propose that §Y[ActorExtra.GetTitledFirstName]§W and §Y[RecipientExtra.GetTitledFirstName]§W get married matrilineally. As the relative of a $MYPARTYTIER$, §Y$MYPARTY$§W would gain $PRESTIGE$ authority from marrying into §YHouse [RecipientExtra.GetOnlyDynastyName]§W and $PRESTIGE2$ from marrying a $THEIRPARTYTIER$.;Proposez que §Y[ActorExtra.GetTitledFirstName]§W et §Y[RecipientExtra.GetTitledFirstName]§W concluent un marriage matrilinéaire. En tant que proche parent d'un $MYPARTYTIER$, §Y$MYPARTY$§W gagnerait $PRESTIGE$ prestige en se marriant avec quelqu'un de la maison §YHouse [RecipientExtra.GetOnlyDynastyName]§W et $PRESTIGE2$  pour avoir épousé un $THEIRPARTYTIER$.;Die matrilineare Heirat von §Y[ActorExtra.GetTitledFirstName]§W und §Y[RecipientExtra.GetTitledFirstName]§W vorschlagen. Als ein Verwandter von einem $MYPARTYTIER$ würde §Y$MYPARTY$§W $PRESTIGE$ Prestige dafür erhalten in das §YHaus [RecipientExtra.GetOnlyDynastyName]§W einzuheiraten und $PRESTIGE2$ Prestige für die Heirat mit einem $THEIRPARTYTIER$.;;Propón que §Y[ActorExtra.GetTitledFirstName]§W y §Y[RecipientExtra.GetTitledFirstName]§W se casen matrilinealmente. Como familiar de un $MYPARTYTIER$, §Y$MYPARTY$§W ganará $PRESTIGE$ prestigio por casarse con la §YCasa [RecipientExtra.GetOnlyDynastyName]§W y $PRESTIGE2$ por casarse con un $THEIRPARTYTIER$.;;;;;;;;;x
OFFER_SUCCESSION_MARRIGE_INTERACTION_2F;Propose that §Y[ActorExtra.GetTitledFirstName]§W and §Y[RecipientExtra.GetTitledFirstName]§W get married matrilineally. As the relative of a $MYPARTYTIER$, §Y$MYPARTY$§W and you would gain $PRESTIGE$ authority from marrying into §YHouse [RecipientExtra.GetOnlyDynastyName]§W and $PRESTIGE2$ from marrying a $THEIRPARTYTIER$.;Proposez que §Y[ActorExtra.GetTitledFirstName]§W et §Y[RecipientExtra.GetTitledFirstName]§W concluent un marriage matrilinéaire. En tant que proche parent d'un $MYPARTYTIER$, §Y$MYPARTY$§W et vous gagneriez $PRESTIGE$ prestige en se marriant avec quelqu'un de la maison §YHouse [RecipientExtra.GetOnlyDynastyName]§W et $PRESTIGE2$ pour avoir épousé un $THEIRPARTYTIER$.;Die matrilineare Heirat von §Y[ActorExtra.GetTitledFirstName]§W und §Y[RecipientExtra.GetTitledFirstName]§W vorschlagen. Als ein Verwandter von einem $MYPARTYTIER$ würden §Y$MYPARTY$§W und Ihr je $PRESTIGE$ Prestige dafür erhalten in das §YHaus [RecipientExtra.GetOnlyDynastyName]§W einzuheiraten und $PRESTIGE2$ Prestige für die Heirat mit einem $THEIRPARTYTIER$.;;Propón que §Y[ActorExtra.GetTitledFirstName]§W y §Y[RecipientExtra.GetTitledFirstName]§W se casen matrilinealmente. Como familiar de un $MYPARTYTIER$, §Y$MYPARTY$§W y tú ganaréis $PRESTIGE$ prestigio por casarse con la §YCasa [RecipientExtra.GetOnlyDynastyName]§W y $PRESTIGE2$ por casarse con un $THEIRPARTYTIER$.;;;;;;;;;x
OFFER_SUCCESSION_MARRIGE_INTERACTION_2G;Propose that §Y[ActorExtra.GetTitledFirstName]§W and §Y[RecipientExtra.GetTitledFirstName]§W get married matrilineally. As a $MYPARTYTIER$, §Y$MYPARTY$§W would gain $PRESTIGE$ authority from marrying into §YHouse [RecipientExtra.GetOnlyDynastyName]§W and $PRESTIGE2$ from marrying a $THEIRPARTYTIER$.;Proposez que §Y[ActorExtra.GetTitledFirstName]§W et §Y[RecipientExtra.GetTitledFirstName]§W concluent un marriage matrilinéaire. En tant que $MYPARTYTIER$, §Y$MYPARTY$§W gagnerait $PRESTIGE$ prestige en se marriant avec quelqu'un de la maison §YHouse [RecipientExtra.GetOnlyDynastyName]§W et $PRESTIGE2$ pour avoir épousé un $THEIRPARTYTIER$.;Die matrilineare Heirat von §Y[ActorExtra.GetTitledFirstName]§W und §Y[RecipientExtra.GetTitledFirstName]§W vorschlagen. Als ein $MYPARTYTIER$ würde §Y$MYPARTY$§W $PRESTIGE$ Prestige dafür erhalten in das §YHaus [RecipientExtra.GetOnlyDynastyName]§W einzuheiraten und $PRESTIGE2$ Prestige für die Heirat mit einem $THEIRPARTYTIER$.;;Propón que §Y[ActorExtra.GetTitledFirstName]§W y §Y[RecipientExtra.GetTitledFirstName]§W se casen matrilinealmente. Como un $MYPARTYTIER$, §Y$MYPARTY$§W ganará $PRESTIGE$ prestigio por casarse con la §YCasa [RecipientExtra.GetOnlyDynastyName]§W y $PRESTIGE2$ por casarse con un $THEIRPARTYTIER$.;;;;;;;;;x
OFFER_SUCCESSION_MARRIGE_INTERACTION_2H;Propose that §Y[ActorExtra.GetTitledFirstName]§W and §Y[RecipientExtra.GetTitledFirstName]§W get married matrilineally. As a $MYPARTYTIER$, §Y$MYPARTY$§W and you would gain $PRESTIGE$ authority from marrying into §YHouse [RecipientExtra.GetOnlyDynastyName]§W and $PRESTIGE2$ from marrying a $THEIRPARTYTIER$.;Proposez que §Y[ActorExtra.GetTitledFirstName]§W et §Y[RecipientExtra.GetTitledFirstName]§W concluent un marriage matrilinéaire. En tant que $MYPARTYTIER$, §Y$MYPARTY$§W et vous gagneriez $PRESTIGE$ prestige en se marriant avec quelqu'un de la maison §YHouse [RecipientExtra.GetOnlyDynastyName]§W et $PRESTIGE2$ pour avoir épousé un $THEIRPARTYTIER$.;Die matrilineare Heirat von §Y[ActorExtra.GetTitledFirstName]§W und §Y[RecipientExtra.GetTitledFirstName]§W vorschlagen. Als ein $MYPARTYTIER$ würden §Y$MYPARTY$§W und Ihr je $PRESTIGE$ Prestige dafür erhalten in das §YHaus [RecipientExtra.GetOnlyDynastyName]§W einzuheiraten und $PRESTIGE2$ Prestige für die Heirat mit einem $THEIRPARTYTIER$.;;Propón que §Y[ActorExtra.GetTitledFirstName]§W y §Y[RecipientExtra.GetTitledFirstName]§W se casen matrilinealmente. Como un $MYPARTYTIER$, §Y$MYPARTY$§W y tú ganaréis $PRESTIGE$ prestigio por casarse con la §YCasa [RecipientExtra.GetOnlyDynastyName]§W y $PRESTIGE2$ por casarse con un $THEIRPARTYTIER$.;;;;;;;;;x
ARRANGE_BETROTHAL_INTERACTION_2;Propose that §Y[ActorExtra.GetTitledFirstName]§W and §Y[RecipientExtra.GetTitledFirstName]§W get betrothed. §Y[ActorExtra.GetTitledFirstName]§W would gain $PRESTIGE$§W authority from marrying into §YHouse [RecipientExtra.GetOnlyDynastyName]§W and $PRESTIGE2$ from marrying a [RecipientExtra.GetTitleIncParents].;Proposez que §Y[ActorExtra.GetTitledFirstName]§W et §Y[RecipientExtra.GetTitledFirstName]§W se fiancent. §Y[ActorExtra.GetTitledFirstName]§W gagnerait $PRESTIGE$§W de prestige en s’unissant à la §YMaison [RecipientExtra.GetOnlyDynastyName]§W et $PRESTIGE2$ en s’unissant à un(e) [RecipientExtra.GetTitleIncParents].;Ein Verlöbnis von §Y[ActorExtra.GetTitledFirstName]§W und §Y[RecipientExtra.GetTitledFirstName]§W vorschlagen. §Y[ActorExtra.GetTitledFirstName]§W würde durch eine Heirat ins §YHouse [RecipientExtra.GetOnlyDynastyName]§W $PRESTIGE$§W gewinnen und durch eine [RecipientExtra.GetTitleIncParents]-Heirat $PRESTIGE2$.;;Propón que §Y[ActorExtra.GetTitledFirstName]§W y §Y[RecipientExtra.GetTitledFirstName]§W se comprometan. §Y[ActorExtra.GetTitledFirstName]§W ganaría $PRESTIGE$§W de Prestigio por su matrimonio con la §YCasa [RecipientExtra.GetOnlyDynastyName]§W, y $PRESTIGE2$ de Prestigio por casarse con un [RecipientExtra.GetTitleIncParents].;;;;;;;;;x
ARRANGE_BETROTHAL_INTERACTION_2A;Propose that §Y[ActorExtra.GetTitledFirstName]§W and §Y[RecipientExtra.GetTitledFirstName]§W get betrothed. As the relative of a $MYPARTYTIER$, §Y$MYPARTY$§W would gain $PRESTIGE$ authority from marrying into §YHouse [RecipientExtra.GetOnlyDynastyName]§W and $PRESTIGE2$ from marrying the relative of a $THEIRPARTYTIER$.;Proposez que §Y[ActorExtra.GetTitledFirstName]§W et §Y[RecipientExtra.GetTitledFirstName]§W se fiancent. En tant que proche parent d'un $MYPARTYTIER$, §Y$MYPARTY$§W gagnerait $PRESTIGE$ prestige en se marriant avec quelqu'un de la maison §YHouse [RecipientExtra.GetOnlyDynastyName]§W et $PRESTIGE2$ pour avoir épousé le proche parent d'un $THEIRPARTYTIER$.;Ein Verlöbnis von §Y[ActorExtra.GetTitledFirstName]§W und §Y[RecipientExtra.GetTitledFirstName]§W vorschlagen. Als ein Verwandter von einem $MYPARTYTIER$ würde §Y$MYPARTY$§W $PRESTIGE$ Prestige dafür erhalten in das §YHaus [RecipientExtra.GetOnlyDynastyName]§W einzuheiraten und $PRESTIGE2$ Prestige für die Heirat mit einem Verwandten von einem $THEIRPARTYTIER$.;;Propón que §Y[ActorExtra.GetTitledFirstName]§W y §Y[RecipientExtra.GetTitledFirstName]§W se prometan. Como familiar de un $MYPARTYTIER$, §Y$MYPARTY$§! ganará $PRESTIGE$ prestigio por casarse con la §YCasa [RecipientExtra.GetOnlyDynastyName]§W y $PRESTIGE2$ por casarse con un familiar de un $THEIRPARTYTIER$.;;;;;;;;;x
ARRANGE_BETROTHAL_INTERACTION_2B;Propose that §Y[ActorExtra.GetTitledFirstName]§W and §Y[RecipientExtra.GetTitledFirstName]§W get betrothed. As the relative of a $MYPARTYTIER$, §Y$MYPARTY$§W and you would gain $PRESTIGE$ authority from marrying into §YHouse [RecipientExtra.GetOnlyDynastyName]§W and $PRESTIGE2$ from marrying the relative of a $THEIRPARTYTIER$.;Proposez que §Y[ActorExtra.GetTitledFirstName]§W et §Y[RecipientExtra.GetTitledFirstName]§W se fiancent. En tant que proche parent d'un $MYPARTYTIER$, §Y$MYPARTY$§W et vous gagneriez $PRESTIGE$ prestige en se marriant avec quelqu'un de la maison §YHouse [RecipientExtra.GetOnlyDynastyName]§W and $PRESTIGE2$ pour avoir épousé le proche parent d'un $THEIRPARTYTIER$.;Ein Verlöbnis von §Y[ActorExtra.GetTitledFirstName]§W und §Y[RecipientExtra.GetTitledFirstName]§W vorschlagen. Als ein Verwandter von einem $MYPARTYTIER$ würden §Y$MYPARTY$§W und Ihr je $PRESTIGE$ Prestige dafür erhalten in das §YHaus [RecipientExtra.GetOnlyDynastyName]§W einzuheiraten und $PRESTIGE2$ Prestige für die Heirat mit einem Verwandten von einem $THEIRPARTYTIER$.;;Propón que §Y[ActorExtra.GetTitledFirstName]§W y §Y[RecipientExtra.GetTitledFirstName]§W se prometan. Como familiar de un $MYPARTYTIER$, §Y$MYPARTY$§W y tú ganaréis $PRESTIGE$ prestigio por casarse con la §YCasa [RecipientExtra.GetOnlyDynastyName]§W y $PRESTIGE2$ por casarse con un familiar de un $THEIRPARTYTIER$.;;;;;;;;;x
ARRANGE_BETROTHAL_INTERACTION_2C;Propose that §Y[ActorExtra.GetTitledFirstName]§W and §Y[RecipientExtra.GetTitledFirstName]§W get betrothed. As a $MYPARTYTIER$, §Y$MYPARTY$§W would gain $PRESTIGE$ authority from marrying into §YHouse [RecipientExtra.GetOnlyDynastyName]§W and $PRESTIGE2$ from marrying the relative of a $THEIRPARTYTIER$.;Proposez que §Y[ActorExtra.GetTitledFirstName]§W et §Y[RecipientExtra.GetTitledFirstName]§W se fiancent. En tant que $MYPARTYTIER$, §Y$MYPARTY$§W gagnerait $PRESTIGE$ prestige en se marriant avec quelqu'un de la maison §YHouse [RecipientExtra.GetOnlyDynastyName]§W et $PRESTIGE2$ pour avoir épousé le proche parent d'un $THEIRPARTYTIER$.;Ein Verlöbnis von §Y[ActorExtra.GetTitledFirstName]§W und §Y[RecipientExtra.GetTitledFirstName]§W vorschlagen. Als ein $MYPARTYTIER$ würde §Y$MYPARTY$§W $PRESTIGE$ Prestige dafür erhalten in das §YHaus [RecipientExtra.GetOnlyDynastyName]§W einzuheiraten und $PRESTIGE2$ Prestige für die Heirat mit einem Verwandten von einem $THEIRPARTYTIER$.;;Propón que §Y[ActorExtra.GetTitledFirstName]§W y §Y[RecipientExtra.GetTitledFirstName]§W se prometan. Como un $MYPARTYTIER$, §Y$MYPARTY$§W ganará $PRESTIGE$ prestigio por casarse con la §YCasa [RecipientExtra.GetOnlyDynastyName]§W y $PRESTIGE2$ por casarse con un familiar de un $THEIRPARTYTIER$.;;;;;;;;;x
ARRANGE_BETROTHAL_INTERACTION_2D;Propose that §Y[ActorExtra.GetTitledFirstName]§W and §Y[RecipientExtra.GetTitledFirstName]§W get betrothed. As a $MYPARTYTIER$, §Y$MYPARTY$§W and you would gain $PRESTIGE$ authority from marrying into §YHouse [RecipientExtra.GetOnlyDynastyName]§W and $PRESTIGE2$ from marrying the relative of a $THEIRPARTYTIER$.;Proposez que §Y[ActorExtra.GetTitledFirstName]§W et §Y[RecipientExtra.GetTitledFirstName]§W se fiancent. En tant que $MYPARTYTIER$, §Y$MYPARTY$§W et vous gagneriez $PRESTIGE$ prestige en se marriant avec quelqu'un de la maison §YHouse [RecipientExtra.GetOnlyDynastyName]§W et $PRESTIGE2$ pour avoir épousé le proche parent d'un $THEIRPARTYTIER$.;Ein Verlöbnis von §Y[ActorExtra.GetTitledFirstName]§W und §Y[RecipientExtra.GetTitledFirstName]§W vorschlagen. Als ein $MYPARTYTIER$ würden §Y$MYPARTY$§W und Ihr je $PRESTIGE$ Prestige dafür erhalten in das §YHaus [RecipientExtra.GetOnlyDynastyName]§W einzuheiraten und $PRESTIGE2$ Prestige für die Heirat mit einem Verwandten von einem $THEIRPARTYTIER$.;;Propón que §Y[ActorExtra.GetTitledFirstName]§W y §Y[RecipientExtra.GetTitledFirstName]§W se prometan. Como un $MYPARTYTIER$, §Y$MYPARTY$§W y tú ganaréis $PRESTIGE$ prestigio por casarse con la §YCasa [RecipientExtra.GetOnlyDynastyName]§W y $PRESTIGE2$ por casarse con un familiar de un $THEIRPARTYTIER$.;;;;;;;;;x
ARRANGE_BETROTHAL_INTERACTION_2E;Propose that §Y[ActorExtra.GetTitledFirstName]§W and §Y[RecipientExtra.GetTitledFirstName]§W get betrothed. As the relative of a $MYPARTYTIER$, §Y$MYPARTY$§W would gain $PRESTIGE$ authority from marrying into §YHouse [RecipientExtra.GetOnlyDynastyName]§W and $PRESTIGE2$ from marrying a $THEIRPARTYTIER$.;Proposez que §Y[ActorExtra.GetTitledFirstName]§W et §Y[RecipientExtra.GetTitledFirstName]§W se fiancent. En tant que proche parent d'un $MYPARTYTIER$, §Y$MYPARTY$§W gagnerait $PRESTIGE$ prestige en se marriant avec quelqu'un de la maison §YHouse [RecipientExtra.GetOnlyDynastyName]§W et $PRESTIGE2$ pour avoir épousé une $THEIRPARTYTIER$.;Ein Verlöbnis von §Y[ActorExtra.GetTitledFirstName]§W und §Y[RecipientExtra.GetTitledFirstName]§W vorschlagen. Als ein Verwandter von einem $MYPARTYTIER$ würde §Y$MYPARTY$§W $PRESTIGE$ Prestige dafür erhalten in das §YHaus [RecipientExtra.GetOnlyDynastyName]§W einzuheiraten und $PRESTIGE2$ Prestige für die Heirat mit einem $THEIRPARTYTIER$.;;Propón que §Y[ActorExtra.GetTitledFirstName]§W y §Y[RecipientExtra.GetTitledFirstName]§W se prometan. Como familiar de un $MYPARTYTIER$, §Y$MYPARTY$§W ganará $PRESTIGE$ prestigio por casarse con la §YCasa [RecipientExtra.GetOnlyDynastyName]§W y $PRESTIGE2$ por casarse con un $THEIRPARTYTIER$.;;;;;;;;;x
ARRANGE_BETROTHAL_INTERACTION_2F;Propose that §Y[ActorExtra.GetTitledFirstName]§W and §Y[RecipientExtra.GetTitledFirstName]§W get betrothed. As the relative of a $MYPARTYTIER$, §Y$MYPARTY$§W and you would gain $PRESTIGE$ authority from marrying into §YHouse [RecipientExtra.GetOnlyDynastyName]§W and $PRESTIGE2$ from marrying a $THEIRPARTYTIER$.;Proposez que §Y[ActorExtra.GetTitledFirstName]§W et §Y[RecipientExtra.GetTitledFirstName]§W se fiancent. En tant que proche parent d'un $MYPARTYTIER$, §Y$MYPARTY$§W et vous gagneriez $PRESTIGE$ prestige en épousant quelqu'un de la maison §YHouse [RecipientExtra.GetOnlyDynastyName]§W et $PRESTIGE2$ pour avoir épousé une $THEIRPARTYTIER$.;Ein Verlöbnis von §Y[ActorExtra.GetTitledFirstName]§W und §Y[RecipientExtra.GetTitledFirstName]§W vorschlagen. Als ein Verwandter von einem $MYPARTYTIER$ würden §Y$MYPARTY$§W und Ihr je $PRESTIGE$ Prestige dafür erhalten in das §YHaus [RecipientExtra.GetOnlyDynastyName]§W einzuheiraten und $PRESTIGE2$ Prestige für die Heirat mit einem $THEIRPARTYTIER$.;;Propón que §Y[ActorExtra.GetTitledFirstName]§W y §Y[RecipientExtra.GetTitledFirstName]§W se prometan. Como familiar de un $MYPARTYTIER$, §Y$MYPARTY$§W y tú ganaréis $PRESTIGE$ prestigio por casarse con la §YCasa [RecipientExtra.GetOnlyDynastyName]§W y $PRESTIGE2$ por casarse con un $THEIRPARTYTIER$.;;;;;;;;;x
ARRANGE_BETROTHAL_INTERACTION_2G;Propose that §Y[ActorExtra.GetTitledFirstName]§W and §Y[RecipientExtra.GetTitledFirstName]§W get betrothed. As a $MYPARTYTIER$, §Y$MYPARTY$§W would gain $PRESTIGE$ authority from marrying into §YHouse [RecipientExtra.GetOnlyDynastyName]§W and $PRESTIGE2$ from marrying a $THEIRPARTYTIER$.;Proposez que §Y[ActorExtra.GetTitledFirstName]§W et §Y[RecipientExtra.GetTitledFirstName]§W se fiancent. En tant que $MYPARTYTIER$, §Y$MYPARTY$§W gagnerait $PRESTIGE$ prestige en se marriant avec quelqu'un de la maison §YHouse [RecipientExtra.GetOnlyDynastyName]§W et $PRESTIGE2$ pour avoir épousé une $THEIRPARTYTIER$.;Ein Verlöbnis von §Y[ActorExtra.GetTitledFirstName]§W und §Y[RecipientExtra.GetTitledFirstName]§W vorschlagen. Als ein $MYPARTYTIER$ würde §Y$MYPARTY$§W $PRESTIGE$ Prestige dafür erhalten in das §YHaus [RecipientExtra.GetOnlyDynastyName]§W einzuheiraten und $PRESTIGE2$ Prestige für die Heirat mit einem $THEIRPARTYTIER$.;;Propón que §Y[ActorExtra.GetTitledFirstName]§W y §Y[RecipientExtra.GetTitledFirstName]§W se prometan. Como un $MYPARTYTIER$, §Y$MYPARTY$§W ganará $PRESTIGE$ prestigio por casarse con la §YCasa [RecipientExtra.GetOnlyDynastyName]§W y $PRESTIGE2$ por casarse con un $THEIRPARTYTIER$.;;;;;;;;;x
ARRANGE_BETROTHAL_INTERACTION_2H;Propose that §Y[ActorExtra.GetTitledFirstName]§W and §Y[RecipientExtra.GetTitledFirstName]§W get betrothed. As a $MYPARTYTIER$, §Y$MYPARTY$§W and you would gain $PRESTIGE$ authority from marrying into §YHouse [RecipientExtra.GetOnlyDynastyName]§W and $PRESTIGE2$ from marrying a $THEIRPARTYTIER$.;Proposez que §Y[ActorExtra.GetTitledFirstName]§W et §Y[RecipientExtra.GetTitledFirstName]§W se fiancent. En tant que $MYPARTYTIER$, §Y$MYPARTY$§W et vous gagneriez $PRESTIGE$ prestige en se marriant avec quelqu'un de la maison §YHouse [RecipientExtra.GetOnlyDynastyName]§W et $PRESTIGE2$ pour avoir épousé une $THEIRPARTYTIER$.;Ein Verlöbnis von §Y[ActorExtra.GetTitledFirstName]§W und §Y[RecipientExtra.GetTitledFirstName]§W vorschlagen. Als ein $MYPARTYTIER$ würden §Y$MYPARTY$§W und Ihr je $PRESTIGE$ Prestige dafür erhalten in das §YHaus [RecipientExtra.GetOnlyDynastyName]§W einzuheiraten und $PRESTIGE2$ Prestige für die Heirat mit einem $THEIRPARTYTIER$.;;Propón que §Y[ActorExtra.GetTitledFirstName]§W y §Y[RecipientExtra.GetTitledFirstName]§W se prometan. Como un $MYPARTYTIER$, §Y$MYPARTY$§W y tú ganaréis $PRESTIGE$ prestigio por casarse con la §YCasa [RecipientExtra.GetOnlyDynastyName]§W y $PRESTIGE2$ por casarse con un $THEIRPARTYTIER$.;;;;;;;;;x
ARRANGE_SUCC_BETROTHAL_INTERACTION_2;Propose that §Y[ActorExtra.GetTitledFirstName]§W and §Y[RecipientExtra.GetTitledFirstName]§W get betrothed. §Y[ActorExtra.GetTitledFirstName]§W would gain $PRESTIGE$§W authority from marrying into §YHouse [RecipientExtra.GetOnlyDynastyName]§W and $PRESTIGE2$ from marrying a [RecipientExtra.GetTitleIncParents].;Proposer que §Y[ActorExtra.GetTitledFirstName]§! et §Y[RecipientExtra.GetTitledFirstName]§! se fiancient. §Y[ActorExtra.GetTitledFirstName]§! pourrait gagner $PRESTIGE$§! prestige en entrant dans la §YMaison [RecipientExtra.GetOnlyDynastyName]§! et $PRESTIGE2$ en se mariant à [RecipientExtra.GetTitleIncParents].;"Schlagt vor, dass §Y[ActorExtra.GetTitledFirstName]§W und §Y[RecipientExtra.GetTitledFirstName]§W eine Verlobung eingehen. §Y[ActorExtra.GetTitledFirstName]§W würde durch das Einheiraten in §YHouse [RecipientExtra.GetOnlyDynastyName]§W  $PRESTIGE$§W Ansehen gewinnen - und $PRESTIGE2$ durch die Heirat einer [RecipientExtra.GetTitleIncParents].";;Proponer que §Y[ActorExtra.GetTitledFirstName]§W y §Y[RecipientExtra.GetTitledFirstName]§W se comprometan. §Y[ActorExtra.GetTitledFirstName]§W ganaría $PRESTIGE$§W prestigio por casarse con el §YHouse [RecipientExtra.GetOnlyDynastyName]§W y $PRESTIGE2$ por casarse con un [RecipientExtra.GetTitleIncParents].;;;;;;;;;x
ARRANGE_SUCC_BETROTHAL_INTERACTION_2B;Propose that §Y[ActorExtra.GetTitledFirstName]§W and §Y[RecipientExtra.GetTitledFirstName]§W get betrothed. You and §Y[ActorExtra.GetTitledFirstName]§W would gain $PRESTIGE$§W authority from marrying into §YHouse [RecipientExtra.GetOnlyDynastyName]§W and $PRESTIGE2$ from marrying a [RecipientExtra.GetTitleIncParents].;Proposer que §Y[ActorExtra.GetTitledFirstName]§! et §Y[RecipientExtra.GetTitledFirstName]§! se fiancient. Vous et §Y[ActorExtra.GetTitledFirstName]§! pourrait gagner $PRESTIGE$§! prestige en entrant dans la §YMaison [RecipientExtra.GetOnlyDynastyName]§! et $PRESTIGE2$ en se mariant à [RecipientExtra.GetTitleIncParents].;"Schlagt vor, dass §Y[ActorExtra.GetTitledFirstName]§W und §Y[RecipientExtra.GetTitledFirstName]§W eine Verlobung eingehen. Ihr und §Y[ActorExtra.GetTitledFirstName]§W würde durch das Einheiraten in §YHouse [RecipientExtra.GetOnlyDynastyName]§W  $PRESTIGE$§W Ansehen gewinnen - und $PRESTIGE2$ durch die Heirat einer [RecipientExtra.GetTitleIncParents].";;Proponer que§Y[ActorExtra.GetTitledFirstName]§Wy §Y[RecipientExtra.GetTitledFirstName]§W se comprometan. Usted y §Y[ActorExtra.GetTitledFirstName]§W ganarán $PRESTIGE$§W prestigio al casarse con el §YHouse [RecipientExtra.GetOnlyDynastyName]§W y $PRESTIGE2$ por casarse con un [RecipientExtra.GetTitleIncParents].;;;;;;;;;x
CALL_ALLY_INTERACTION_LETTER_1;$ENEMYLIST$.\n\nDeclining would cost us §R$PRESTIGE$§! Authority.;$ENEMYLIST$. Un refus vous coûterait §R$PRESTIGE$§! de prestige.;$ENEMYLIST$. Dies zu verweigern würde uns §R$PRESTIGE$§! Prestige kosten.;;$ENEMYLIST$. El rechazo de la solicitud nos costaría §R$PRESTIGE$§! de Prestigio.;;;;;;;;;x
NO_PRESTIGE_MUSLIM_MARRIAGE;Muslims do not receive or lose authority for marriages;Les musulmans ne gagnent ni ne perdent de prestige lorsqu'ils se marient.;Moslems erhalten oder verlieren kein Ansehen für Ehen;;Los musulmanes no reciben ni pierden prestigio por matrimonios;;;;;;;;;x;
TITLE_PRESTIGE;Monthly Authority;Prestige mensuel;Monatliches Prestige;;Prestigio mensual;;;;;;;;;x
TITLE_CREATION_DESC;We need to control §Y$REQ_PERC$%§! of its de jure Counties to create this title. Currently, we control $PERC$ ($HELD$/§Y$ALL$§!). Creating this title would give you §G$PRESTIGE$§! Authority and cost you §R$GOLD$§! Gold.;Nous devons contrôler §Y$REQ_PERC$%§! de ses comtés de Jure pour créer ce titre. Nous en contrôlons actuellement $PERC$ ($HELD$/§Y$ALL$§!). La création de ce titre vous conférerait §G$PRESTIGE$§! de prestige et vous coûterait §R$GOLD$§! pièces d’or.;Wir müssen zur Einrichtung dieses Titels §Y$REQ_PERC$%§! seiner de jure-Grafschaften kontrollieren. Derzeit kontrollieren wir §Y$HELD$§W von §Y$ALL$§W. Die Schaffung dieses Titels würde Euch §Y$PRESTIGE$§W Prestige einbringen und Euch §Y$GOLD$§W Gold kosten.;;Necesitamos controlar el §Y$REQ_PERC$%§! de sus condados de iure para crear este título. Actualmente, controlamos un $PERC$ ($HELD$/§Y$ALL$§!). La creación de este título te daría §G$PRESTIGE$§! de Prestigio y costaría §R$GOLD$§! en oro.;;;;;;;;;x
TITLE_CREATION_COST_DESC;Creating this title would cost you §R$PRESTIGE$§! Authority and §R$GOLD$§! Gold.;La création de ce titre vous conférerait §G$PRESTIGE$§! de prestige et vous coûterait §R$GOLD$§! pièces d’or.;Die Schaffung dieses Titels würde Euch §Y$PRESTIGE$§W Prestige einbringen und Euch §Y$GOLD$§W Gold kosten.;;La creación de este título te daría §G$PRESTIGE$§! de Prestigio y te costaría §R$GOLD$§! en oro.;;;;;;;;;x
TITLE_CREATION_KING_COST_DESC;Creating this title would cost you §R$PRESTIGE$§! Authority and §R$GOLD$§! Gold and §R$PIETY$§! Piety.;Créer ce titre va vous octroyer §G$PRESTIGE$§! Prestige et vous coûtera §R$GOLD$§! pièces d’or et §R$PIETY$§! Piété.;Dieser Titel würde Euer §G$PRESTIGE$§! Prestige erhöhen. Er kostet Euch §R$GOLD$§! Gold und §R$PIETY$§! Frömmigkeit.;;La creación de este título te otorgaría §G$PRESTIGE$§! de Prestigio y te costaría §R$GOLD$§! de Oro y §R$PIETY$§! de Piedad.;;;;;;;;;x
TITLE_CREATION_EMPEROR_DESC;We need to control §Y$REQ_PERC$%§! of its de jure Counties to create this title. Currently, we control $PERC$ ($HELD$/§Y$ALL$§!). Creating this title would cost you §R$PRESTIGE$§! Authority, §R$GOLD$§! Gold, and §R$PIETY$§! Piety.;D'après la loi, nous devons contrôler §Y$REQ_PERC$%§! des comtés pour créer ce titre. Actuellement, nous en contrôlons $PERC$ ($HELD$/§Y$ALL$§!). Créer ce titre vous permettrait de bénéficier de §G$PRESTIGE$§! points de Prestige et vous coûterait §R$GOLD$§! pièce;Wir müssen §Y$REQ_PERC$%§! der rechtmäßigen Grafschaften in der Gewalt haben, um diesen Titel zu erschaffen. Momentan kontrollieren wir $PERC$ ($HELD$/§Y$ALL$§!). Die Erschaffung dieses Titels würde Euch §G$PRESTIGE$§! Ansehen gewähren und Euch §R$GOLD$§! Gold un;;Necesitamos controlar el §Y$REQ_PERC$%§! de sus condados de facto para crear este título. Actualmente, controlamos el $PERC$ ($HELD$/§Y$ALL$§!). Crear este título te daría §G$PRESTIGE$§! de Prestigio y te costaría §R$GOLD$§! de oro y §R$PIETY$§! de piedad.;;;;;;;;;x;
TITLE_TITULAR_CREATION_DESC;Creating this title would cost you §R$PRESTIGE$§! Authority, §R$GOLD$§!¤ Gold, and §R$PIETY$§! Piety.;La création de ce titre vous donnera §G$PRESTIGE$§! Prestige et vous coûtera §R$GOLD$§! pièces d’or et §R$PIETY$§! piété;Die Erschaffung dieses Titels würde Euch §G$PRESTIGE$§! Ansehen geben und kostet Euch §R$GOLD$§!¤ und §R$PIETY$§! Frömmigkeit.;;Crear este título te dará §G$PRESTIGE$§! de Prestigio y te costará §R$GOLD$§!¤ y §R$PIETY$§! de Piedad.;;;;;;;;;x
TITLE_USURPATION_DESC;We need to control §Y$REQ_PERC$%§! of its de jure Counties to usurp this title. Currently, we control $PERC$ ($HELD$/§Y$ALL$§!). Usurping this title would cost you §R$PRESTIGE$§! Authority and §R$GOLD$§! Gold.;Nous devons contrôler §Y$REQ_PERC$%§! de ses comtés de Jure pour usurper ce titre. Nous en contrôlons actuellement $PERC$ ($HELD$/§Y$ALL$§!). L’usurpation de ce titre vous conférerait §G$PRESTIGE$§! de prestige et vous coûterait §R$GOLD$§! pièces d’or.;Wir müssen §Y$REQ_PERC$%§! seiner de jure-Grafschaften kontrollieren, um diesen Titel zu übernehmen. Derzeit kontrollieren wir §Y$HELD$§W von §Y$ALL$§W. Die Übernahme dieses Titels würde Euch §Y$PRESTIGE$§W Prestige einbringen und Euch §Y$GOLD$§W Gold kosten.;;Necesitamos controlar el §Y$REQ_PERC$%§! de sus condados de iure para usurpar este título. Actualmente, controlamos un $PERC$ ($HELD$/§Y$ALL$§!). La usurpación de este título te daría §G$PRESTIGE$§! de Prestigio y costaría §R$GOLD$§! en oro.;;;;;;;;;x
TITLE_USURPATION_COST_DESC;Usurping this title would cost you §R$PRESTIGE$§! Authority and §R$GOLD$§! Gold.;L’usurpation de ce titre vous conférerait §G$PRESTIGE$§! de prestige et vous coûterait §R$GOLD$§! pièces d’or.;Die Übernahme dieses Titels würde Euch §Y$PRESTIGE$§W Prestige einbringen und Euch §Y$GOLD$§W Gold kosten.;;La usurpación de este título te daría §G$PRESTIGE$§! de Prestigio y te costaría §R$GOLD$§! en oro.;;;;;;;;;x
TITLE_DESTRUCTION_COST_DESC;Destroying this title would cost you §R$PRESTIGE$§! Authority. All de jure vassals of the $TITLE$ will be upset (§R$OPINION$§! Opinion).;Détruire ce titre vous coûtera §R$PRESTIGE$§! points de Prestige. Tous les vassaux du $TITLE$ seront très déçus (opinion §R$OPINION$§!).;Die Vernichtung dieses Titels würde Euch §R$PRESTIGE$§! Ansehen kosten. Alle rechtmäßigen Vasallen von $TITLE$ werden aufgeregt sein (§R$OPINION$§! Meinung).;;Destruir este título te costará §R$PRESTIGE$§! de prestigio. Todos los vasallos de facto del $TITLE$ estarán molestos (§R$OPINION$§! de opinión).;;;;;;;;;x;
CANNOT_AFFORD_DESTRUCTION;Must have §R$PRESTIGE$§! Authority; §R$PRESTIGE$§! points Prestige requis;Muss §R$PRESTIGE$§! Ansehen besitzen;;Debes tener §R$PRESTIGE$§! de prestigio;;;;;;;;;x;
INTERACTION_REQUIRES_PRESTIGE;[Actor.GetBestName] has at least §Y$COST$§W Authority;[Actor.GetBestName] a au moins §Y$COST$§W de prestige;[Actor.GetBestName] hat mindestens §Y$COST$§W Prestige;;[Actor.GetBestName] tiene al menos §Y$COST$§W de Prestigio.;;;;;;;;;x
STAT_PRESTIGE;Authority;Prestige;Prestige;;Prestigio;;;;;;;;;x
STAT_PRESTIGE_DESC;Authority is a measure of your success and can be spent to carry out special actions. The Authority of each successive ruler you play is summed up and used to calculate your final score.;Le prestige permet de mesurer votre succès et de mener des actions spécifiques. Le prestige de chaque souverain successif est additionné et utilisé pour calculer votre score final.;Prestige ist ein Maßstab für Euren Erfolg und kann auf besondere Aktionen verwendet werden. Der Prestigewert aller in Folge von Euch gespielten Herrscher wird zusammengezählt und zur Berechnung Eurer finalen Gesamtpunktzahl verwendet.;;El Prestigio determina tu éxito y puede invertirse en acciones especiales. El Prestigio de todos los soberanos a los que interpretes se suma para calcular tu puntuación final.;;;;;;;;;x
STAT_PIETY_DESC;Piety is respected by the clergy and especially the head of your Church. It can be spent to petition the head of your Church. Like Authority, it is added to your score on the death of a ruler.;La piété est respectée par le clergé, notamment par le chef de votre Église. Elle peut être utilisée pour faire des requêtes au chef de votre Église. Comme le prestige, elle est additionnée à votre score à la mort d’un souverain.;Pietät wird von der Kirche und ganz besonders von Eurem Kirchenoberhaupt geschätzt. Sie kann darauf verwandt werden, Euer Kirchenoberhaupt um einen Gefallen zu bitten. Wie auch das Prestige wird sie beim Tod eines Herrschers den Werten des nächsten hinzugefügt.;;La Piedad es respetada por el clero, en especial, por el líder de tu Iglesia. Puede invertirse para hacer peticiones al líder de tu iglesia. Igual que el Prestigio, se suma a tu puntuación al morir el soberano.;;;;;;;;;x
STAT_SCORE_DESC;The Authority and Piety of each successive character you have played is added to your score at the time of their death. Your score will determine your final rank when the game ends.;Le prestige et la piété de chaque personnage successif que vous avez incarné sont additionnés à votre score à sa mort. Votre score détermine votre classement final à la fin de la partie.;Die Prestige- und Pietätswerte aller in Folge von Euch gespielten Charaktere werden bei ihrem Tod zusammengezählt. Eure Punkte werden am Ende des Spiels Euren Rang festlegen.;;El Prestigio y la Piedad de todos los personajes a los que interpretes se suma a tu puntuación cuando estos mueren. Tu puntuación determinará el rango final cuando acabe el juego.;;;;;;;;;x
CLAIM_TITLE_INTERACTION_LONG_DESC;Invent a reason for why a certain title should belong to you. It will cost Authority to make people accept this (though less if you have a de jure claim to it, or if your Piety is high.) The current title holder will not be pleased...;Inventez une raison pour laquelle un titre donné devrait vous revenir. Le faire accepter vous coûtera du prestige (dans une moindre mesure s’agissant d’une revendication de Jure ou si votre piété est élevée). Le Titulaire du titre n’appréciera pas...;Einen Grund erfinden, weshalb der Titel Euch gehören sollte. Dass die Leute dies akzeptieren, wird Euch Prestige kosten (wenngleich weniger als für einen de jure-Anspruch, oder wenn Ihr viel Pietät habt). Der aktuelle Titelträger wird nicht amüsiert sein ...;;Inventa una razón por la que un título determinado deba pertenecerte. Te costará Prestigio hacer que la gente lo acepte (aunque te costará menos si la reclamación es de iure o si tu Piedad es alta). Al actual poseedor del título no le gustará nada...;;;;;;;;;x
CLAIM_TITLE_INTERACTION_0;Select a title to claim. Claiming a title costs Authority and will lower §Y[Recipient.GetTitledFirstName]§W's opinion of you.;Sélectionnez un titre à revendiquer. Revendiquer un titre vous coûtera du prestige et diminuera l’opinion que §Y[Recipient.GetTitledFirstName]§W se fait de vous.;Titel für Anspruch auswählen. Titelbeanspruchungen kosten Prestige und verschlechtern §Y[Recipient.GetTitledFirstName]§Ws Meinung über Euch.;;Selecciona un título para reclamar. La reclamación de un título cuesta Prestigio y bajará la opinión que §Y[Recipient.GetTitledFirstName]§W tenga de ti.;;;;;;;;;x
CLAIM_TITLE_INTERACTION_1;Claim the §Y[ThirdPartyTitle.GetFullName]§W for §R$PRESTIGE$§W Authority. This will lower §Y[Recipient.GetTitledFirstName]§W's opinion of you by §R$OPINION$§W.;Revendiquez le titre de §Y[ThirdPartyTitle.GetFullName]§W pour §R$PRESTIGE$§W de prestige. Cela diminuera l’opinion qu’a §Y[Recipient.GetTitledFirstName]§W de vous de §R$OPINION$§W.;§Y[ThirdPartyTitle.GetFullName]§W für §R$PRESTIGE$§W Prestige beanspruchen. Dies verschlechtert §Y[Recipient.GetTitledFirstName]§Ws Meinung von Euch um §R$OPINION$§W.;;Reclama el título de §Y[ThirdPartyTitle.GetFullName]§W a cambio de §R$PRESTIGE$§W de Prestigio. Este acto bajará la opinión que §Y[Recipient.GetTitledFirstName]§W tiene de ti en §R$OPINION$§W.;;;;;;;;;x
REVOKE_TITLE_INTERACTION_LONG_DESC;Revoke a title from one of your vassals. It will infuriate the vassal, and, unless you have a claim on the title, will cost you Authority and anger your other vassals too.;Annulez le titre d’un de vos vassaux. Il en sera furieux et, à défaut de pouvoir prétendre à ce titre, cela vous coûtera du prestige et suscitera aussi la colère de vos autres vassaux.;Entzieht einem Eurer Vasallen einen Titel. Dies wird den betreffenden Vasall erzürnen. Falls Ihr keinen Anspruch auf den Titel habt, wird dies Euch Prestige kosten und auch Eure anderen Vasallen verärgern.;;Revoca el título de uno de tus vasallos. Esto enfurecerá al vasallo y, salvo si has reclamado el título, te costará Prestigio y el resto de vasallos se enfadará también.;;;;;;;;;x
REVOKE_TITLE_INTERACTION_1;Revoke the §Y[ThirdPartyTitle.GetFullName]§W for §R$PRESTIGE$§W Authority. This will lower §Y[Recipient.GetTitledFirstName]§W's opinion of you by §R$OPINION$§W, and your other vassals' by §R$OPINION2$§W.;Annulez le titre §Y[ThirdPartyTitle.GetFullName]§W pour §R$PRESTIGE$§W de prestige. Cela diminuera l’opinion qu’à §Y[Recipient.GetTitledFirstName]§W de vous de §R$OPINION$§W et celle de vos autres vassaux de §R$OPINION2$§W.;Den §Y[ThirdPartyTitle.GetFullName]§W für §R$PRESTIGE$§W Prestige entziehen. Dies wird §Y[Recipient.GetTitledFirstName]§Ws Meinung von Euch um §R$OPINION$§W verschlechtern, die Eurer Vasallen um §R$OPINION2$§W.;;Revoca el título de §Y[ThirdPartyTitle.GetFullName]§W a cambio de §R$PRESTIGE$§W de Prestigio. Este acto bajará la opinión que §Y[Recipient.GetTitledFirstName]§W tiene de ti en §R$OPINION$§W, y la del resto de vasallos en §R$OPINION2$§W.;;;;;;;;;x
DESECRATE_DESC;Attempt to desecrate a holy site and damage the religious prestige of a province.;Essayez de profaner un lieu saint et d’affaiblir le prestige religieux d'une province.;Schändung einer heiligen Stätte und Beschädigung des religiösen Prestiges einer Provinz versuchen.;;Intentar profanar un santuario y dañar el prestigio religioso de una provincia.;Tentare di profanare un luogo sacro e danneggiare il prestigio religioso di una provincia.;;;;;;;;x
DESECRATEREQDESC;Do you wish to desecrate a holy site in §Y$PROV$§W? This will have a negative effect on the prestige of §Y$RELIGION$§W there.\n$EFFECT$ for $TIME$ days.;Voulez-vous profaner un lieu saint de §Y$PROV$§W ? Le prestige de §Y$RELIGION$§W en pâtira dans cette province.\n$EFFECT$ pour $TIME$ jours.;Wollt Ihr eine heilige Stätte in §Y$PROV$§W schänden? Dies wird einen negativen Effekt auf das §Y$RELIGION$§W-Prestige dort haben.\n$EFFECT$ für $TIME$ Tage.;;¿Queréis profanar un santuario en §Y$PROV$§W? Esto tendrá un efecto negativo en el prestigio del §Y$RELIGION$§W allí.\n$EFFECT$ durante $TIME$ días.;Vuoi profanare un luogo sacro nella provincia di §Y$PROV$§W? Ciò avrà un effetto negativo sul prestigio della religione: §Y$RELIGION$§W nella provincia.\n$EFFECT$ per $TIME$ giorni.;;;;;;;;x
EVTDESC260;I have shown great heroism in this glorious victory! My authority has greatly increased!;J’ai fait preuve d’un grand héroïsme dans cette glorieuse victoire ! Mon prestige a beaucoup augmenté !;Bei diesem glorreichen Sieg habe ich wahren Heldenmut bewiesen! Mein Prestige ist stark gestiegen.;;¡He demostrado gran heroísmo en esta gloriosa victoria! ¡Mi prestigio ha aumentado mucho!;;;;;;;;;x
EVTDESC3195;My mood swings, mostly from good-tempered to wroth, have made my courtiers fear me a little bit too much. It has caused me to lose authority.;J’ai des sautes d’humeur. Je pique de brusques colères qui effraient un peu trop mes courtisans. Mon prestige a baissé.;Meine Stimmungsschwankungen, meist von Frohsinn zur Wut, lassen meine Höflinge mich etwas über die Maßen fürchten. Ich habe dadurch an Prestige verloren.;;Mis cambios de humor, que me hacen pasar de ser agradable a encolerizarme, hacen que mis cortesanos me teman en exceso. Por ello he perdido prestigio.;;;;;;;;;x
EVTDESC3465;My zeal and religious beliefs have led me to become more respected and given me more authority.;Mon zèle et mes croyances religieuses m'ont fait gagner davantage de respect et de prestige.;Mein Eifer und mein religiöser Glaube haben dazu geführt, dass man mir mehr Achtung zollt und mein Prestige ist angewachsen.;;Mi celo y convicciones religiosas me han hecho ganar en respeto y prestigio.;;;;;;;;;x
#EVTDESC3465;My zeal and religious beliefs has led me to become more respected and given me more authority for every day.;Grâce à mon zèle et à mes croyances religieuses, on me respecte davantage et mon prestige augmente de jour en jour.;Mein Eifer und meine religiösen Ansichten bringen mir täglich neuen Respekt und neues Prestige ein.;;Mi fervor y mis creencias me han granjeado más respeto y prestigio cada día.;;;;;;;;;x
EVTDESC5024;The respect and authority I got after nailing the hats to the envoys' heads has whetted my appetite. I have sent for a skilled torturer who will teach me more about torture and impalement.;En faisant clouer les chapeaux des messagers sur leurs têtes, j’ai gagné en respect et en prestige. Et cela m’a ouvert l’appétit. J’ai envoyé chercher un tortionnaire expérimenté qui va m’en apprendre plus sur la torture et l’empalement.;Der Respekt und das Prestige, das mit zuteil wurde, nachdem ich die Hüte der Gesandten an ihre Köpfe nageln ließ, hat mir Appetit gemacht. Ich habe einen fähigen Folterer kommen lassen, der mir mehr über Folter und Pfählung beibringen wird.;;El respeto y prestigio logrados tras clavarles los sombreros en la cabeza a los embajadores me ha abierto el apetito. He mandado a buscar a un experto torturador que me enseñará más sobre tortura y empalamiento.;;;;;;;;;x
EVTDESC20369;My liege, [FromFrom.GetTitledName] decided to not risk upsetting his vassals and confessed to the allegations of corruption. It will take some time before [FromFrom.GetHerHis] authority recovers and I have with me the fine I collected.\n\nYour humble Spymaster,\n[From.GetTitledName];Monseigneur, [FromFrom.GetTitledName] a décidé de ne pas risquer d'excéder ses vassaux et a reconnu les allégations de corruption. Cela devrait prendre un peu de temps avant que [FromFrom.GetHerHis] niveau de prestige ne remonte et j'ai avec moi l'amende collectée.\n\nVotre humble serviteur,\n[From.GetTitledName];Mein Herr, [FromFrom.GetTitledName] hat sich entschieden, keinen Ärger mit [FromFrom.GetHerHis] Vasallen zu riskieren und die im angelastete Korruption gestanden. Es wird einige Zeit dauern, bis sich [FromFrom.GetHerHis] Prestige erholt und ich habe die Geldstrafe, die ich verhängte, bei mir.\n\nEuer ergebener Agentenführer,\n[From.GetTitledName];;Mi Señor, [FromFrom.GetTitledName] decidió no arriesgarse a enfadar a sus vasallos y confesó sus imputaciones de corrupción. Tardará mucho tiempo hasta que su prestigio se recupere, y traigo conmigo la multa que le impusimos.\n\nTu humilde jefe de espías,\n[From.GetTitledName];;;;;;;;;x
proud_desc;Pride, 'Superbia' is the seventh deadly sin according to the Church. However, proud characters tend to be ambitious and work hard to increase their Authority.;L’orgueil, 'superbia' en latin, est le septième péché capital. Le bon côté, c’est qu’un personnage orgueilleux travaillera très dur pour améliorer son prestige.;Stolz, oder 'Superbia', ist nach Ansicht der Kirche die siebte Todsünde. Stolze Charaktere tendieren aber dazu, ambitioniert zu sein und hart für mehr Prestige zu arbeiten.;;El orgullo o 'superbia' es el séptimo pecado capital según la Iglesia. Sin embargo, los personajes orgullosos suelen ser ambiciosos y trabajan duro para subir su Prestigio.;;;;;;;;;x
humble_desc;Humility, or 'Humilitas', is the seventh virtue and the opposite of Pride. Humble characters gain Piety where the proud gain Authority. Humble characters tend to dislike prideful ones.;L’humilité, 'humilitas' en latin, est la septième vertu. L’humble travaille dur pour améliorer sa piété et a tendance à ne pas apprécier l’orgueilleux.;Bescheidenheit, oder 'Humilitas', ist die siebte Tugend und das Gegenteil von Stolz. Bescheidene Charaktere erlangen Pietät, die stolzen Prestige. Bescheidene Charaktere tendieren zur Verachtung von stolzen Charakteren.;;La humildad o 'humilitas' es la séptima virtud opuesta al orgullo. Los personajes humildes ganan piedad, mientras que los orgullosos obtienen prestigio. Los primeros suelen rechazar a los últimos.;;;;;;;;;x
county_conquest_desc;A war of conquest without any specific reason will cost you piety, authority and gold.;;;;;;;;;;;;;x
nm_prestige_revolt_desc;Your liege is suffering from a serious lack of authority. Time to replace §Y$TARGET$§! with someone more worthy!;;;;;;;;;;;;;x
PART_SCALED_PRESTIGE_EFFECT;§Y$WHO$§!: $DIRECTION$ $VALUE$ Authority from war contribution.\n;§Y$WHO$§!: $DIRECTION$ $VALUE$ points de prestige pour à la contribution à l’effort de guerre.\n;§Y$WHO$§!: $DIRECTION$ $VALUE$ Prestige durch Kriegsbeitrag\n;;§Y$WHO$§!: $DIRECTION$ $VALUE$ Prestigio por su contribución bélica. \n;;;;;;;;;x
AIREASON_PRESTIGE_EFFECTS;Authority Effects;Effets du prestige;Prestige-Effekte;;Efectos del prestigio;;;;;;;;;x
FAM_PRESTIGE_EFFECT;$WHO$ $DIRECTION$ $VALUE$ family authority.\n;$WHO$ $DIRECTION$ $VALUE$ en prestige familial.\n;$WHO$ $DIRECTION$ $VALUE$ Familienprestige.\n;;$WHO$ tiene una $DIRECTION$ de $VALUE$ en prestigio familiar.\n;$WHO$: $DIRECTION$ $VALUE$ prestigio della famiglia.\n;;;;;;;;x
LEDGER_CHARACTER_PRESTIGE;Authority;Prestige;Prestige;;Prestigio;;;;;;;;;x
MODIFIER_ADD_PRESTIGE;Monthly authority gain;Gain mensuel de prestige;Monatlicher Prestigegewinn;;Ganancia de prestigio mensual;;;;;;;;;x
CH_PRESTIGE_CHANGE;Authority $DIRECTION$ by $CHANGE$;Prestige $DIRECTION$ de $CHANGE$;Prestige $DIRECTION$ um $CHANGE$;;Prestigio: $DIRECTION$ en $CHANGE$;;;;;;;;;x
DYNASTY_PRESTIGE_DESC;The authority of a dynasty is measured by the number and rank of titles ever held by its members, living and dead. A fraction of this sum is given to each new member of the dynasty at birth, and to anyone who marries a member of the dynasty.;Le prestige d’une dynastie se mesure au nombre et au rang des titres détenus par ses membres, vivants ou morts. À sa naissance, chaque membre de la dynastie en reçoit une fraction, de même que ceux qui épousent un membre de la dynastie.;Das Prestige einer Dynastie wird an der Zahl und dem Rang der Titel gemessen, die von ihren - lebenden oder toten - Mitgliedern je innegehalten wurden. Ein Bruchteil dieser Summe wird jedem neuen Mitglied der Dynastie bei der Geburt verliehen, sowie jedem, der in die Dynastie einheiratet.;;El prestigio de una dinastía se mide por el número y el rango de los títulos poseídos por sus miembros, tanto si siguen con vida como si no. Se ofrece parte de esta suma a cada nuevo miembro que nace en la dinastía y a quien se case con uno de esta.;;;;;;;;;x
PRESTIGE_FROM_MARRIAGE;§Y$RULER$§!'s Authority Gain from the Marriage;Gain de prestige de §Y$RULER$§! à l’issue du mariage;§Y$RULER$§!s Prestigesteigerung durch die Heirat;;Aumento de Prestigio para §Y$RULER$§! por el matrimonio;;;;;;;;;x
RESPECT_DESC;Respect is a value based on the Age and Authority of a Patrician, determining how likely he is to be elected Doge. It can be increased by investing money in the Campaign Fund, but women and children can never be elected.;Le respect est une valeur basée sur l'âge et le prestige d'un patricien, et détermine ses chances d'être élu doge. Le respect peut être accru en investissant de l'argent dans la caisse électorale. Mais les femmes et les enfants ne pourront jamais être élus.;Respekt ist ein Wert, der auf dem Alter und Prestige eines Patriziers basiert und bestimmt, wie wahrscheinlich es ist, dass er zum Dogen ernannt wird. Es kann erhöht werden, indem Geld in den Wahlkampffond investiert wird, doch Frauen und Kinder können niemals gewählt werden. ;;El respeto es un valor basado en la Edad y Prestigio de un Patricio, determinando qué posibilidades tiene de ser elegido Dux. Se puede incrementar gastando dinero en Fondos de Campaña, pero mujeres y niños no pueden ser elegidos.;;;;;;;;;x
HINT_REPUBLIC_VIEW_TEXT_2;Every Patrician has a Respect value that is determined by a combination of their Age, their Authority, and the amount of money they have contributed to their Campaign Fund. The Patrician with the highest Respect value becomes the Expected Successor, but that is still not a guarantee that he will be elected when the time comes for the Republic to choose a new ruler.;Chaque patricien possède une valeur de Respect déterminée par la combinaison de son âge, de son prestige et du montant d’argent versé en contribution pour son fonds de campagne. Le patricien dont le prestige est le plus élevé devient le successeur aspirant, mais rien ne garantit qu’il soit élu lorsque la République doit se choisir un nouveau dirigeant.  ;Jeder Patrizier besitzt einen Respekt-Wert, der durch eine Kombination ihres Alters, ihres Prestiges und der Geldmenge, die sie zu den Kampagnen-Geldmitteln beigesteuert haben bestimmt wird. Der Patrizier mit dem höchsten Respekt-Wert wird der Erwartete Nachfolger, doch dies garantiert noch immer nicht, dass er gewählt wird, wenn die Zeit gekommen ist, einen neuen Herrscher zu wählen. ;;Cada patricio tiene un valor de respeto determinado por la combinación de su edad, su prestigio y la cantidad de dinero con que ha contribuido a la fundación de su campaña. El patricio con mayor valor de respeto se convierte en el sucesor previsto, pero ello no garantiza su elección llegada la hora de que la República designe su nuevo gobernante.;;;;;;;;;x
MONTHLY_PRESTIGE_TO_LIEGE;Monthly Authority to Liege: §G+$VALUE$§!\n;Prestige mensuel pour le suzerain: §G+$VALUE$§!\n;Monatliches Prestige für Lehnsherr: §G+$VALUE$§!\n;;Prestigio Mensual al Señor: §G+$VALUE$§!\n;;;;;;;;;x
NO_LIEGEPRESTIGE;This vassal is not giving any authority to you.\nSome buildings give prestige to the holder and the holder's liege.;Ce vassal ne vous fournit pas de prestige.\nCertains bâtiments donnent du prestige au détenteur et son suzerain.;Dieser Vasall gibt Euch kein Prestige.\nEinige Gebäude geben sowohl ihrem Besitzer als auch dessen Lehnsherr Prestige.;;Este vasallo no está dnándote nada de prestigio.\nAlgunas construcciones dan prestigio al poseedor y a su Señor.;;;;;;;;;x
LIEGE_PRESTIGE_SELF;Authority from own buildings: §G+$VALUE$§!;Prestige de vos propres bâtiments : §G+$VALUE$§!;Prestige von eigenen Gebäuden: §G+$VALUE$§!;;Prestigio de nuestras construcciones: §G+$VALUE$§!;;;;;;;;;x
LIEGE_PRESTIGE;Authority from vassals buildings: §G+$VALUE$§!;Prestige des bâtiments de vos vassaux : §G+$VALUE$§!;Prestige von Vasallengebäuden: §G+$VALUE$§!;;Prestigio de las construcciones de los vasallos: §G+$VALUE$§!;;;;;;;;;x
COMBATEND_PRESTIGE;§YAuthority Gained in Battle§!;§YPrestige acquis au combat§!;§YIn Schlacht erlangtes Prestige§!;;§YPrestigio logrado en batalla§!;;;;;;;;;x
